id,business_id,category
1,FYWN1wneV18bWNgQjJ2GNg,Dentists
2,FYWN1wneV18bWNgQjJ2GNg,"General Dentistry"
3,FYWN1wneV18bWNgQjJ2GNg,"Health & Medical"
4,FYWN1wneV18bWNgQjJ2GNg,"Oral Surgeons"
5,FYWN1wneV18bWNgQjJ2GNg,"Cosmetic Dentists"
6,FYWN1wneV18bWNgQjJ2GNg,Orthodontists
7,He-G7vWjzVUysIKrfNbPUQ,"Hair Stylists"
8,He-G7vWjzVUysIKrfNbPUQ,"Hair Salons"
9,He-G7vWjzVUysIKrfNbPUQ,"Men's Hair Salons"
10,He-G7vWjzVUysIKrfNbPUQ,"Blow Dry/Out Services"
11,He-G7vWjzVUysIKrfNbPUQ,"Hair Extensions"
12,He-G7vWjzVUysIKrfNbPUQ,"Beauty & Spas"
13,KQPW8lFf1y5BT2MxiSZ3QA,"Departments of Motor Vehicles"
14,KQPW8lFf1y5BT2MxiSZ3QA,"Public Services & Government"
15,8DShNS-LuFqpEWIp0HxijA,"Sporting Goods"
16,8DShNS-LuFqpEWIp0HxijA,Shopping
17,PfOCPjBrlQAnz__NXj9h_w,"American (New)"
18,PfOCPjBrlQAnz__NXj9h_w,Nightlife
19,PfOCPjBrlQAnz__NXj9h_w,Bars
20,PfOCPjBrlQAnz__NXj9h_w,Sandwiches
21,PfOCPjBrlQAnz__NXj9h_w,"American (Traditional)"
22,PfOCPjBrlQAnz__NXj9h_w,Burgers
23,PfOCPjBrlQAnz__NXj9h_w,Restaurants
24,o9eMRCWt5PkpLDE0gOPtcQ,Italian
25,o9eMRCWt5PkpLDE0gOPtcQ,Restaurants
26,kCoE3jvEtg6UVz5SOD3GVw,"Real Estate Services"
27,kCoE3jvEtg6UVz5SOD3GVw,"Real Estate"
28,kCoE3jvEtg6UVz5SOD3GVw,"Home Services"
29,kCoE3jvEtg6UVz5SOD3GVw,"Property Management"
30,OD2hnuuTJI9uotcKycxg1A,Shopping
31,OD2hnuuTJI9uotcKycxg1A,"Sporting Goods"
32,EsMcGiZaQuG1OOvL9iUFug,"Coffee & Tea"
33,EsMcGiZaQuG1OOvL9iUFug,"Ice Cream & Frozen Yogurt"
34,EsMcGiZaQuG1OOvL9iUFug,Food
35,TGWhGNusxyMaA4kQVBNeew,Automotive
36,TGWhGNusxyMaA4kQVBNeew,"Auto Detailing"
37,XOSRcvtaKc_Q5H1SAzN20A,"Breakfast & Brunch"
38,XOSRcvtaKc_Q5H1SAzN20A,Gluten-Free
39,XOSRcvtaKc_Q5H1SAzN20A,"Coffee & Tea"
40,XOSRcvtaKc_Q5H1SAzN20A,Food
41,XOSRcvtaKc_Q5H1SAzN20A,Restaurants
42,XOSRcvtaKc_Q5H1SAzN20A,Sandwiches
43,Y0eMNa5C-YU1RQOZf9XvVA,"Local Services"
44,Y0eMNa5C-YU1RQOZf9XvVA,"Self Storage"
45,xcgFnd-MwkZeO5G2HQ0gAQ,Bakeries
46,xcgFnd-MwkZeO5G2HQ0gAQ,Bagels
47,xcgFnd-MwkZeO5G2HQ0gAQ,Food
48,NmZtoE3v8RdSJEczYbMT9g,"General Dentistry"
49,NmZtoE3v8RdSJEczYbMT9g,Dentists
50,NmZtoE3v8RdSJEczYbMT9g,Endodontists
51,NmZtoE3v8RdSJEczYbMT9g,"Cosmetic Dentists"
52,NmZtoE3v8RdSJEczYbMT9g,"Health & Medical"
53,NmZtoE3v8RdSJEczYbMT9g,Orthodontists
54,fNMVV_ZX7CJSDWQGdOM8Nw,Restaurants
55,fNMVV_ZX7CJSDWQGdOM8Nw,"American (Traditional)"
56,l09JfMeQ6ynYs5MCJtrcmQ,Italian
57,l09JfMeQ6ynYs5MCJtrcmQ,French
58,l09JfMeQ6ynYs5MCJtrcmQ,Restaurants
59,IQSlT5jGE6CCDhSG0zG3xg,"Beauty & Spas"
60,IQSlT5jGE6CCDhSG0zG3xg,"Nail Salons"
61,b2I2DXtZVnpUMCXp1JON7A,Tires
62,b2I2DXtZVnpUMCXp1JON7A,"Oil Change Stations"
63,b2I2DXtZVnpUMCXp1JON7A,"Auto Repair"
64,b2I2DXtZVnpUMCXp1JON7A,Automotive
65,0FMKDOU8TJT1x87OKYGDTg,Barbers
66,0FMKDOU8TJT1x87OKYGDTg,"Beauty & Spas"
67,Gu-xs3NIQTj3Mj2xYoN2aw,French
68,Gu-xs3NIQTj3Mj2xYoN2aw,Food
69,Gu-xs3NIQTj3Mj2xYoN2aw,Bakeries
70,Gu-xs3NIQTj3Mj2xYoN2aw,Restaurants
71,lHYiCS-y8AFjUitv6MGpxg,Food
72,lHYiCS-y8AFjUitv6MGpxg,"Coffee & Tea"
73,94KziT6DQ9XlBET3WzIv_w,Shopping
74,94KziT6DQ9XlBET3WzIv_w,Books
75,94KziT6DQ9XlBET3WzIv_w,Mags
76,94KziT6DQ9XlBET3WzIv_w,"Music & Video"
77,94KziT6DQ9XlBET3WzIv_w,"Music & DVDs"
78,7YIy1tXOor9VCwvaSjuBHg,"Public Services & Government"
79,PMH4oUa-bWELKogdtkWewg,"Fitness & Instruction"
80,PMH4oUa-bWELKogdtkWewg,"Sports Clubs"
81,PMH4oUa-bWELKogdtkWewg,Gyms
82,PMH4oUa-bWELKogdtkWewg,Trainers
83,PMH4oUa-bWELKogdtkWewg,"Active Life"
84,VSGcuYDV3q-AAZ9ZPq4fBQ,Bars
85,VSGcuYDV3q-AAZ9ZPq4fBQ,"Sports Bars"
86,VSGcuYDV3q-AAZ9ZPq4fBQ,Nightlife
87,1K4qrnfyzKzGgJPBEcJaNQ,"Tiki Bars"
88,1K4qrnfyzKzGgJPBEcJaNQ,Nightlife
89,1K4qrnfyzKzGgJPBEcJaNQ,Mexican
90,1K4qrnfyzKzGgJPBEcJaNQ,Restaurants
91,1K4qrnfyzKzGgJPBEcJaNQ,Bars
92,VBHEsoXQb2AQ76J9l8h1uQ,Shopping
93,VBHEsoXQb2AQ76J9l8h1uQ,Jewelry
94,VBHEsoXQb2AQ76J9l8h1uQ,"Watch Repair"
95,VBHEsoXQb2AQ76J9l8h1uQ,"Local Services"
96,AtdXq_gu9NTE5rx4ct_dGg,"Coffee & Tea"
97,AtdXq_gu9NTE5rx4ct_dGg,Food
98,AtdXq_gu9NTE5rx4ct_dGg,"Tea Rooms"
99,Dj0S-Oe4ytRJzMGUPgYUkw,Soup
100,Dj0S-Oe4ytRJzMGUPgYUkw,Salad
101,Dj0S-Oe4ytRJzMGUPgYUkw,Sandwiches
102,Dj0S-Oe4ytRJzMGUPgYUkw,Restaurants
103,gAy4LYpsScrj8POnCW6btQ,Food
104,gAy4LYpsScrj8POnCW6btQ,"American (Traditional)"
105,gAy4LYpsScrj8POnCW6btQ,"Coffee & Tea"
106,gAy4LYpsScrj8POnCW6btQ,Restaurants
107,nbhBRhZtdaZmMMeb2i02pg,Restaurants
108,nbhBRhZtdaZmMMeb2i02pg,"Breakfast & Brunch"
109,zzMu-6SmqhpvHxVRM6tx9g,"Oil Change Stations"
110,zzMu-6SmqhpvHxVRM6tx9g,"Smog Check Stations"
111,zzMu-6SmqhpvHxVRM6tx9g,Automotive
112,zzMu-6SmqhpvHxVRM6tx9g,"Auto Repair"
113,1_3nOM7s9WqnJWTNu2-i8Q,"Arts & Entertainment"
114,1_3nOM7s9WqnJWTNu2-i8Q,Festivals
115,1_3nOM7s9WqnJWTNu2-i8Q,Restaurants
116,1_3nOM7s9WqnJWTNu2-i8Q,French
117,1_3nOM7s9WqnJWTNu2-i8Q,Gastropubs
118,FXHfcFVEfI1vVngW2gVOpw,"Coffee & Tea"
119,FXHfcFVEfI1vVngW2gVOpw,Restaurants
120,FXHfcFVEfI1vVngW2gVOpw,Food
121,FXHfcFVEfI1vVngW2gVOpw,Mediterranean
122,FXHfcFVEfI1vVngW2gVOpw,"Tea Rooms"
123,7gquCdaFoHZCcLYDttpHtw,"Nail Salons"
124,7gquCdaFoHZCcLYDttpHtw,"Beauty & Spas"
125,8y56fOiKhtCnqaiYB2S2Qg,Nightlife
126,8y56fOiKhtCnqaiYB2S2Qg,Pubs
127,8y56fOiKhtCnqaiYB2S2Qg,Bars
128,ok38fApaT1TBEU-IH85BvA,"Home Services"
129,ok38fApaT1TBEU-IH85BvA,Contractors
130,ok38fApaT1TBEU-IH85BvA,"Pool & Hot Tub Service"
131,ok38fApaT1TBEU-IH85BvA,"Pool Cleaners"
132,lj0MiK5_fyv9df2twnsI7g,"Hair Salons"
133,lj0MiK5_fyv9df2twnsI7g,"Blow Dry/Out Services"
134,lj0MiK5_fyv9df2twnsI7g,"Hair Stylists"
135,lj0MiK5_fyv9df2twnsI7g,"Beauty & Spas"
136,lj0MiK5_fyv9df2twnsI7g,"Hair Extensions"
137,S4a42azhoOmr0fpeNkggHg,"Home & Garden"
138,S4a42azhoOmr0fpeNkggHg,"Furniture Stores"
139,S4a42azhoOmr0fpeNkggHg,Shopping
140,A_Ij4SwFmlRbVtRnsdSzWA,"Event Planning & Services"
141,A_Ij4SwFmlRbVtRnsdSzWA,Caterers
142,tRVx2c89coruPRwYhGTcTw,Nightlife
143,tRVx2c89coruPRwYhGTcTw,Izakaya
144,tRVx2c89coruPRwYhGTcTw,"Comfort Food"
145,tRVx2c89coruPRwYhGTcTw,"Cocktail Bars"
146,tRVx2c89coruPRwYhGTcTw,"Asian Fusion"
147,tRVx2c89coruPRwYhGTcTw,Bars
148,tRVx2c89coruPRwYhGTcTw,Japanese
149,tRVx2c89coruPRwYhGTcTw,Restaurants
150,tRVx2c89coruPRwYhGTcTw,Gastropubs
151,tRVx2c89coruPRwYhGTcTw,"Tapas/Small Plates"
152,1Jp_hmPNUZArNqzpbm7B0g,"Home Services"
153,1Jp_hmPNUZArNqzpbm7B0g,"Lighting Fixtures & Equipment"
154,1Jp_hmPNUZArNqzpbm7B0g,"Local Services"
155,1Jp_hmPNUZArNqzpbm7B0g,Electricians
156,1Jp_hmPNUZArNqzpbm7B0g,"TV Mounting"
157,zjySmTfL9WiMDVgp8-Jp3w,Desserts
158,zjySmTfL9WiMDVgp8-Jp3w,"Ice Cream & Frozen Yogurt"
159,zjySmTfL9WiMDVgp8-Jp3w,Food
160,5qpi5VQ_S2Itm8xvRm1k8Q,Shopping
161,5qpi5VQ_S2Itm8xvRm1k8Q,"Guns & Ammo"
162,BnuzcebyB1AfxH0kjNWqSg,Restaurants
163,BnuzcebyB1AfxH0kjNWqSg,Italian
164,BnuzcebyB1AfxH0kjNWqSg,Seafood
165,rDMptJYWtnMhpQu_rRXHng,"Fast Food"
166,rDMptJYWtnMhpQu_rRXHng,Burgers
167,rDMptJYWtnMhpQu_rRXHng,Restaurants
168,1WBkAuQg81kokZIPMpn9Zg,Burgers
169,1WBkAuQg81kokZIPMpn9Zg,Restaurants
170,Z-4KHBDbdwyC7PwA_JE5Xw,Tanning
171,Z-4KHBDbdwyC7PwA_JE5Xw,"Day Spas"
172,Z-4KHBDbdwyC7PwA_JE5Xw,"Spray Tanning"
173,Z-4KHBDbdwyC7PwA_JE5Xw,"Beauty & Spas"
174,Z-4KHBDbdwyC7PwA_JE5Xw,"Hair Salons"
175,DPQnTnNw2PJj7DdENM98Cw,"Nurseries & Gardening"
176,DPQnTnNw2PJj7DdENM98Cw,"Home & Garden"
177,DPQnTnNw2PJj7DdENM98Cw,Shopping
178,_F3AMoo_zdl-he384ISQbw,"Arts & Entertainment"
179,_F3AMoo_zdl-he384ISQbw,"Performing Arts"
180,-ooEO2YqDQVYNHnSF2BPfw,Italian
181,-ooEO2YqDQVYNHnSF2BPfw,Restaurants
182,FmGZh8ZwEnSO860_2eiYHw,"Hotels & Travel"
183,FmGZh8ZwEnSO860_2eiYHw,"Car Rental"
184,Pd52CjgyEU3Rb8co6QfTPw,Nightlife
185,Pd52CjgyEU3Rb8co6QfTPw,Bars
186,Pd52CjgyEU3Rb8co6QfTPw,Barbeque
187,Pd52CjgyEU3Rb8co6QfTPw,"Sports Bars"
188,Pd52CjgyEU3Rb8co6QfTPw,"American (New)"
189,Pd52CjgyEU3Rb8co6QfTPw,Restaurants
190,4srfPk1s8nlm1YusyDUbjg,"Fast Food"
191,4srfPk1s8nlm1YusyDUbjg,Restaurants
192,4srfPk1s8nlm1YusyDUbjg,Sandwiches
193,n7V4cD-KqqE3OXk0irJTyA,Arcades
194,n7V4cD-KqqE3OXk0irJTyA,"Arts & Entertainment"
195,n7V4cD-KqqE3OXk0irJTyA,Gastropubs
196,n7V4cD-KqqE3OXk0irJTyA,Restaurants
197,n7V4cD-KqqE3OXk0irJTyA,"American (New)"
198,c_XbaJqhm-5ycSBOkVUBmg,Restaurants
199,c_XbaJqhm-5ycSBOkVUBmg,Mexican
200,ykJM7EuGziATZ5u2qIT08g,"Active Life"
201,ykJM7EuGziATZ5u2qIT08g,"Fitness & Instruction"
202,ykJM7EuGziATZ5u2qIT08g,Gyms
203,spDZkD6cp0JUUm6ghIWHzA,Restaurants
204,spDZkD6cp0JUUm6ghIWHzA,Chinese
205,PEKloTo1IkW_gyxp15e8Dg,"Eyelash Service"
206,PEKloTo1IkW_gyxp15e8Dg,"Beauty & Spas"
207,Sx0C2RsDgrG3RxBBUoBqTw,Automotive
208,Sx0C2RsDgrG3RxBBUoBqTw,"Auto Repair"
209,v2GJWvZqEAjUc22hZUYzYw,Education
210,v2GJWvZqEAjUc22hZUYzYw,"Performing Arts"
211,v2GJWvZqEAjUc22hZUYzYw,"Specialty Schools"
212,v2GJWvZqEAjUc22hZUYzYw,"Art Schools"
213,v2GJWvZqEAjUc22hZUYzYw,"Arts & Entertainment"
214,MmR06_kNAbmOPK-0pKvGtA,Food
215,MmR06_kNAbmOPK-0pKvGtA,"Coffee & Tea"
216,MmR06_kNAbmOPK-0pKvGtA,Desserts
217,ORUUPE_Ahrcop9K7h6rvVQ,Automotive
218,ORUUPE_Ahrcop9K7h6rvVQ,"Body Shops"
219,ORUUPE_Ahrcop9K7h6rvVQ,"Auto Glass Services"
220,r6Jw8oRCeumxu7Y1WRxT7A,"Home Cleaning"
221,r6Jw8oRCeumxu7Y1WRxT7A,"Home Services"
222,r6Jw8oRCeumxu7Y1WRxT7A,"Window Washing"
223,EJFdWX908N8Yc2XG0Lky8A,Cafes
224,EJFdWX908N8Yc2XG0Lky8A,Restaurants
225,LL01hTt_eVdp-ws4zMDsrw,"Health & Medical"
226,LL01hTt_eVdp-ws4zMDsrw,"General Dentistry"
227,LL01hTt_eVdp-ws4zMDsrw,Dentists
228,d6ngz4WmMaQL8Xdfur7bwQ,"Office Cleaning"
229,d6ngz4WmMaQL8Xdfur7bwQ,"Carpet Cleaning"
230,d6ngz4WmMaQL8Xdfur7bwQ,"Professional Services"
231,d6ngz4WmMaQL8Xdfur7bwQ,"Home Cleaning"
232,d6ngz4WmMaQL8Xdfur7bwQ,"Home Services"
233,d6ngz4WmMaQL8Xdfur7bwQ,"Local Services"
234,6aFAEeJ3nS-iWGt7Tn7S0Q,"Home Services"
235,6aFAEeJ3nS-iWGt7Tn7S0Q,"Television Service Providers"
236,6aFAEeJ3nS-iWGt7Tn7S0Q,"Home Automation"
237,6aFAEeJ3nS-iWGt7Tn7S0Q,"Home Theatre Installation"
238,6aFAEeJ3nS-iWGt7Tn7S0Q,"Professional Services"
239,F31RycVVooeIOp9jsXmg6g,"Breakfast & Brunch"
240,F31RycVVooeIOp9jsXmg6g,Diners
241,F31RycVVooeIOp9jsXmg6g,Restaurants
242,F31RycVVooeIOp9jsXmg6g,Cafes
243,F31RycVVooeIOp9jsXmg6g,British
244,0lCpaZpmjCFEmtti9O9ZdQ,Bakeries
245,0lCpaZpmjCFEmtti9O9ZdQ,Food
246,2pD9wZWXDNsZf_MXd8rQtg,Doctors
247,2pD9wZWXDNsZf_MXd8rQtg,"Health & Medical"
248,c6Shr51XcbvAeXp6hb_Exg,Orthopedists
249,c6Shr51XcbvAeXp6hb_Exg,"Health & Medical"
250,c6Shr51XcbvAeXp6hb_Exg,Doctors
251,iPa__LOhse-hobC2Xmp-Kw,Restaurants
252,iPa__LOhse-hobC2Xmp-Kw,Burgers
253,iPa__LOhse-hobC2Xmp-Kw,"Fast Food"
254,XPZT3zLrkLkFSkBVxSsM3w,"Sporting Goods"
255,XPZT3zLrkLkFSkBVxSsM3w,Shopping
256,zWb-kwaANIPMS_AFBbVOew,"Men's Clothing"
257,zWb-kwaANIPMS_AFBbVOew,"Women's Clothing"
258,zWb-kwaANIPMS_AFBbVOew,Fashion
259,zWb-kwaANIPMS_AFBbVOew,Shopping
260,o1fTwfqN0sDFNpV1CkOPPg,Restaurants
261,o1fTwfqN0sDFNpV1CkOPPg,Sandwiches
262,o1fTwfqN0sDFNpV1CkOPPg,"Coffee & Tea"
263,o1fTwfqN0sDFNpV1CkOPPg,Food
264,-nHkhiuerqmfBG3v2v9O-g,"Breakfast & Brunch"
265,-nHkhiuerqmfBG3v2v9O-g,Bagels
266,-nHkhiuerqmfBG3v2v9O-g,Restaurants
267,-nHkhiuerqmfBG3v2v9O-g,Bakeries
268,-nHkhiuerqmfBG3v2v9O-g,Sandwiches
269,-nHkhiuerqmfBG3v2v9O-g,Food
270,NFTh6mj3X2AnHJCKIFUk5Q,Hotels
271,NFTh6mj3X2AnHJCKIFUk5Q,"Event Planning & Services"
272,NFTh6mj3X2AnHJCKIFUk5Q,"Hotels & Travel"
273,EfYExaDrwhj0k611u5lYMg,Shopping
274,EfYExaDrwhj0k611u5lYMg,"Public Services & Government"
275,EfYExaDrwhj0k611u5lYMg,"Departments of Motor Vehicles"
276,AZUCA3oiGou2wLnAYG1P6g,"Health & Medical"
277,AZUCA3oiGou2wLnAYG1P6g,Chiropractors
278,kKx8iCJkomVQBdWHnmmOiA,Restaurants
279,kKx8iCJkomVQBdWHnmmOiA,Pizza
280,B5EZlEDH6AVDk8tQGHAGqg,"American (Traditional)"
281,B5EZlEDH6AVDk8tQGHAGqg,Nightlife
282,B5EZlEDH6AVDk8tQGHAGqg,"Dive Bars"
283,B5EZlEDH6AVDk8tQGHAGqg,Restaurants
284,B5EZlEDH6AVDk8tQGHAGqg,Bars
285,bOOgAB_CEWWsxalAthnRSw,"Performing Arts"
286,bOOgAB_CEWWsxalAthnRSw,"Arts & Entertainment"
287,l5ijDMpYdyKbF0CxiCVO_Q,"Beauty & Spas"
288,l5ijDMpYdyKbF0CxiCVO_Q,Piercing
289,l5ijDMpYdyKbF0CxiCVO_Q,Tattoo
290,nJ3mXjItS8WcwhYbzbfDQw,"Watch Repair"
291,nJ3mXjItS8WcwhYbzbfDQw,"Jewelry Repair"
292,nJ3mXjItS8WcwhYbzbfDQw,Shopping
293,nJ3mXjItS8WcwhYbzbfDQw,"Local Services"
294,nJ3mXjItS8WcwhYbzbfDQw,Jewelry
295,NoxzrJbWS4xD9ft0ygD3JA,"Event Planning & Services"
296,NoxzrJbWS4xD9ft0ygD3JA,Nightlife
297,NoxzrJbWS4xD9ft0ygD3JA,Lounges
298,NoxzrJbWS4xD9ft0ygD3JA,"Venues & Event Spaces"
299,NoxzrJbWS4xD9ft0ygD3JA,Bars
300,VXH7zXcZzXlmAVN8GSjGRQ,"Imported Food"
301,VXH7zXcZzXlmAVN8GSjGRQ,"Specialty Food"
302,VXH7zXcZzXlmAVN8GSjGRQ,Thai
303,VXH7zXcZzXlmAVN8GSjGRQ,"Ethnic Food"
304,VXH7zXcZzXlmAVN8GSjGRQ,Food
305,VXH7zXcZzXlmAVN8GSjGRQ,Restaurants
306,8XQmnE-v6RrsHiqEz6QXdg,Florists
307,8XQmnE-v6RrsHiqEz6QXdg,"Wholesale Stores"
308,8XQmnE-v6RrsHiqEz6QXdg,Shopping
309,8XQmnE-v6RrsHiqEz6QXdg,"Flowers & Gifts"
310,YhV93k9uiMdr3FlV4FHjwA,Marketing
311,YhV93k9uiMdr3FlV4FHjwA,"Men's Clothing"
312,YhV93k9uiMdr3FlV4FHjwA,Restaurants
313,YhV93k9uiMdr3FlV4FHjwA,"Graphic Design"
314,YhV93k9uiMdr3FlV4FHjwA,"Women's Clothing"
315,YhV93k9uiMdr3FlV4FHjwA,"Screen Printing"
316,YhV93k9uiMdr3FlV4FHjwA,Advertising
317,YhV93k9uiMdr3FlV4FHjwA,Pizza
318,YhV93k9uiMdr3FlV4FHjwA,Shopping
319,YhV93k9uiMdr3FlV4FHjwA,"Web Design"
320,YhV93k9uiMdr3FlV4FHjwA,Fashion
321,YhV93k9uiMdr3FlV4FHjwA,"Local Services"
322,YhV93k9uiMdr3FlV4FHjwA,"Screen Printing/T-Shirt Printing"
323,YhV93k9uiMdr3FlV4FHjwA,"Professional Services"
324,w5WBrukfSuEyTjYUYlV4Ug,"Venues & Event Spaces"
325,w5WBrukfSuEyTjYUYlV4Ug,"Event Planning & Services"
326,aFBCmJUYrPeol_P75QX7Jw,Restaurants
327,aFBCmJUYrPeol_P75QX7Jw,Italian
328,F0fEKpTk7gAmuSFI0KW1eQ,Italian
329,F0fEKpTk7gAmuSFI0KW1eQ,Restaurants
330,dA7KJReGl9PMi3Tg_mBHuw,"Real Estate Agents"
331,dA7KJReGl9PMi3Tg_mBHuw,"Home Services"
332,dA7KJReGl9PMi3Tg_mBHuw,"Real Estate"
333,GX83LORhO99mdNFz9_cZdQ,Optometrists
334,GX83LORhO99mdNFz9_cZdQ,Doctors
335,GX83LORhO99mdNFz9_cZdQ,"Internal Medicine"
336,GX83LORhO99mdNFz9_cZdQ,"Health & Medical"
337,YvxQOMstU2MVDr2uNHs_vw,"Ice Cream & Frozen Yogurt"
338,YvxQOMstU2MVDr2uNHs_vw,Food
339,NVaM_cKKJT3WWyP21PANzw,"Religious Organizations"
340,dTWfATVrBfKj7Vdn0qWVWg,Restaurants
341,dTWfATVrBfKj7Vdn0qWVWg,Chinese
342,dTWfATVrBfKj7Vdn0qWVWg,"Food Court"
343,HAX1zec191t7QkT2sBZ76A,Restaurants
344,HAX1zec191t7QkT2sBZ76A,Cuban
345,HcEJ2YiSLX_mT3RE0hvKWQ,Nightlife
346,HcEJ2YiSLX_mT3RE0hvKWQ,"Adult Entertainment"
347,HcEJ2YiSLX_mT3RE0hvKWQ,"Strip Clubs"
348,VZ37HCZVruFm-w_Mkl1aEQ,Education
349,VZ37HCZVruFm-w_Mkl1aEQ,"Dance Schools"
350,VZ37HCZVruFm-w_Mkl1aEQ,"Arts & Entertainment"
351,VZ37HCZVruFm-w_Mkl1aEQ,"Fitness & Instruction"
352,VZ37HCZVruFm-w_Mkl1aEQ,"Specialty Schools"
353,VZ37HCZVruFm-w_Mkl1aEQ,"Active Life"
354,VZ37HCZVruFm-w_Mkl1aEQ,"Dance Studios"
355,VZ37HCZVruFm-w_Mkl1aEQ,"Performing Arts"
356,zdC6e26U7tS1XtWcJPKCcA,Pets
357,zdC6e26U7tS1XtWcJPKCcA,Veterinarians
358,VdlPZg2NAu8t8GkdbPLecg,Restaurants
359,VdlPZg2NAu8t8GkdbPLecg,Gluten-Free
360,VdlPZg2NAu8t8GkdbPLecg,Indian
361,VdlPZg2NAu8t8GkdbPLecg,Seafood
362,c6Q3HP4cmWZbD9GX8kr4IA,"Auto Parts & Supplies"
363,c6Q3HP4cmWZbD9GX8kr4IA,"Auto Repair"
364,c6Q3HP4cmWZbD9GX8kr4IA,Tires
365,c6Q3HP4cmWZbD9GX8kr4IA,Automotive
366,c7X2SdKxVJMaOnFROO8WEg,Pizza
367,c7X2SdKxVJMaOnFROO8WEg,Food
368,c7X2SdKxVJMaOnFROO8WEg,"Internet Cafes"
369,c7X2SdKxVJMaOnFROO8WEg,Restaurants
370,c7X2SdKxVJMaOnFROO8WEg,Caribbean
371,1nhf9BPXOBFBkbRkpsFaxA,"Breakfast & Brunch"
372,1nhf9BPXOBFBkbRkpsFaxA,Food
373,1nhf9BPXOBFBkbRkpsFaxA,"Coffee & Tea"
374,1nhf9BPXOBFBkbRkpsFaxA,"Canadian (New)"
375,1nhf9BPXOBFBkbRkpsFaxA,Restaurants
376,strJsTvTHqWS18GVJQEHoA,"Weight Loss Centers"
377,strJsTvTHqWS18GVJQEHoA,"Physical Therapy"
378,strJsTvTHqWS18GVJQEHoA,"Health & Medical"
379,e3rNvRnupvSMu6BABlDUuQ,"Pet Groomers"
380,e3rNvRnupvSMu6BABlDUuQ,"Pet Sitting"
381,e3rNvRnupvSMu6BABlDUuQ,Pets
382,e3rNvRnupvSMu6BABlDUuQ,"Pet Services"
383,e3rNvRnupvSMu6BABlDUuQ,"Pet Training"
384,QkG3KUXwqZBW18A9k1xqCA,"American (Traditional)"
385,QkG3KUXwqZBW18A9k1xqCA,Restaurants
386,QkG3KUXwqZBW18A9k1xqCA,Seafood
387,d2HSFutxpaYsCPglJPRe1Q,Food
388,d2HSFutxpaYsCPglJPRe1Q,Donuts
389,shNBn6mTKxZ124yPC_H02Q,"Kitchen & Bath"
390,shNBn6mTKxZ124yPC_H02Q,"Countertop Installation"
391,shNBn6mTKxZ124yPC_H02Q,"Home Services"
392,shNBn6mTKxZ124yPC_H02Q,Tiling
393,shNBn6mTKxZ124yPC_H02Q,Contractors
394,shNBn6mTKxZ124yPC_H02Q,Shopping
395,shNBn6mTKxZ124yPC_H02Q,"Home & Garden"
396,ZmMCgM4RCqCXJ0Lswu6yxw,"Local Services"
397,ZmMCgM4RCqCXJ0Lswu6yxw,"Appliances & Repair"
398,evwSIx2mmvpN0V0QteOAsA,Veterinarians
399,evwSIx2mmvpN0V0QteOAsA,Pets
400,pR6Fy9cP3oAzM_DtloLV5w,Contractors
401,pR6Fy9cP3oAzM_DtloLV5w,"Arts & Crafts"
402,pR6Fy9cP3oAzM_DtloLV5w,Shopping
403,pR6Fy9cP3oAzM_DtloLV5w,Flooring
404,pR6Fy9cP3oAzM_DtloLV5w,"Home Services"
405,sJ0MYSAIVK28cMzh-s-NPA,Indian
406,sJ0MYSAIVK28cMzh-s-NPA,Restaurants
407,sJ0MYSAIVK28cMzh-s-NPA,"Fast Food"
408,gSr8zPc8M4eTxwGgPb5AsA,"Smog Check Stations"
409,gSr8zPc8M4eTxwGgPb5AsA,Automotive
410,gSr8zPc8M4eTxwGgPb5AsA,"Auto Repair"
411,gSr8zPc8M4eTxwGgPb5AsA,"Body Shops"
412,oB5KH-jYU93w-QnHas6EMA,"Art Galleries"
413,oB5KH-jYU93w-QnHas6EMA,"Arts & Entertainment"
414,oB5KH-jYU93w-QnHas6EMA,"Head Shops"
415,oB5KH-jYU93w-QnHas6EMA,"Tobacco Shops"
416,oB5KH-jYU93w-QnHas6EMA,Shopping
417,gIVjdDWRnS1yDVpPF3oUeg,Italian
418,gIVjdDWRnS1yDVpPF3oUeg,"Chicken Wings"
419,gIVjdDWRnS1yDVpPF3oUeg,"Fast Food"
420,gIVjdDWRnS1yDVpPF3oUeg,Restaurants
421,gIVjdDWRnS1yDVpPF3oUeg,Pizza
422,veXxt8rGY_RJPpA5QkHT9Q,Food
423,veXxt8rGY_RJPpA5QkHT9Q,Restaurants
424,veXxt8rGY_RJPpA5QkHT9Q,Tacos
425,veXxt8rGY_RJPpA5QkHT9Q,"Food Trucks"
426,veXxt8rGY_RJPpA5QkHT9Q,Mexican
427,T5CdfrZWw-uW9Y5L_sddqQ,Pizza
428,T5CdfrZWw-uW9Y5L_sddqQ,Restaurants
429,RV_NgH8wT1TuOs2qNt1WDg,Massage
430,RV_NgH8wT1TuOs2qNt1WDg,"Massage Therapy"
431,RV_NgH8wT1TuOs2qNt1WDg,"Health & Medical"
432,RV_NgH8wT1TuOs2qNt1WDg,"Skin Care"
433,RV_NgH8wT1TuOs2qNt1WDg,"Day Spas"
434,RV_NgH8wT1TuOs2qNt1WDg,"Beauty & Spas"
435,5XejqzaFmtkZMstJS5Iy-w,Vegan
436,5XejqzaFmtkZMstJS5Iy-w,"American (New)"
437,5XejqzaFmtkZMstJS5Iy-w,Restaurants
438,5XejqzaFmtkZMstJS5Iy-w,Sandwiches
439,5XejqzaFmtkZMstJS5Iy-w,Salad
440,5XejqzaFmtkZMstJS5Iy-w,Wraps
441,5XejqzaFmtkZMstJS5Iy-w,Food
442,7SBM_0TcfYTs2oMD-vgaQA,Automotive
443,7SBM_0TcfYTs2oMD-vgaQA,"Motorcycle Repair"
444,Wpt0sFHcPtV5MO9He7yMKQ,Restaurants
445,Wpt0sFHcPtV5MO9He7yMKQ,"Fast Food"
446,Wpt0sFHcPtV5MO9He7yMKQ,Burgers
447,ZvvX30vgzBD2Ezd1zM33IQ,"Health & Medical"
448,ZvvX30vgzBD2Ezd1zM33IQ,"Counseling & Mental Health"
449,0953KSZ26LmJ7CDacVzpYg,"Department Stores"
450,0953KSZ26LmJ7CDacVzpYg,"Home Decor"
451,0953KSZ26LmJ7CDacVzpYg,Shopping
452,0953KSZ26LmJ7CDacVzpYg,Fashion
453,0953KSZ26LmJ7CDacVzpYg,"Women's Clothing"
454,0953KSZ26LmJ7CDacVzpYg,"Discount Store"
455,0953KSZ26LmJ7CDacVzpYg,"Home & Garden"
456,0953KSZ26LmJ7CDacVzpYg,"Men's Clothing"
457,DAG8irsIf0hMsEgDbrOE_A,"Wedding Planning"
458,DAG8irsIf0hMsEgDbrOE_A,"Venues & Event Spaces"
459,DAG8irsIf0hMsEgDbrOE_A,Shopping
460,DAG8irsIf0hMsEgDbrOE_A,Bridal
461,DAG8irsIf0hMsEgDbrOE_A,"Event Planning & Services"
462,WUiDaFQRZ8wKYGLvmjFjAw,Buffets
463,WUiDaFQRZ8wKYGLvmjFjAw,Restaurants
464,WUiDaFQRZ8wKYGLvmjFjAw,"Sushi Bars"
465,WUiDaFQRZ8wKYGLvmjFjAw,Chinese
466,nAFI7JZEhmvUKMKSA_5Chg,Cafes
467,nAFI7JZEhmvUKMKSA_5Chg,Nightlife
468,nAFI7JZEhmvUKMKSA_5Chg,"Wine Bars"
469,nAFI7JZEhmvUKMKSA_5Chg,Bars
470,nAFI7JZEhmvUKMKSA_5Chg,Restaurants
471,5q6Xh-UcJa78bp6dzyaE7w,"Breakfast & Brunch"
472,5q6Xh-UcJa78bp6dzyaE7w,Food
473,5q6Xh-UcJa78bp6dzyaE7w,"Coffee & Tea"
474,5q6Xh-UcJa78bp6dzyaE7w,Donuts
475,5q6Xh-UcJa78bp6dzyaE7w,Restaurants
476,h2XsV6mR6c7QURhlsi0RqA,"Home Services"
477,h2XsV6mR6c7QURhlsi0RqA,"Air Duct Cleaning"
478,h2XsV6mR6c7QURhlsi0RqA,"Local Services"
479,h2XsV6mR6c7QURhlsi0RqA,"Heating & Air Conditioning/HVAC"
480,MTH-AcNyWfsBa9sXp04HcQ,Food
481,MTH-AcNyWfsBa9sXp04HcQ,Delis
482,MTH-AcNyWfsBa9sXp04HcQ,"Fast Food"
483,MTH-AcNyWfsBa9sXp04HcQ,Sandwiches
484,MTH-AcNyWfsBa9sXp04HcQ,Restaurants
485,M5jiUpAuliJtCYOF0cI3wA,Automotive
486,M5jiUpAuliJtCYOF0cI3wA,Tires
487,M5jiUpAuliJtCYOF0cI3wA,"Auto Repair"
488,M5jiUpAuliJtCYOF0cI3wA,"Auto Parts & Supplies"
489,M5jiUpAuliJtCYOF0cI3wA,"Oil Change Stations"
490,nigYwB_m1TQ1WosjSWi-Hw,Burgers
491,nigYwB_m1TQ1WosjSWi-Hw,Restaurants
492,W1Yr6c2XDx_RBjb6WsV-aQ,Restaurants
493,W1Yr6c2XDx_RBjb6WsV-aQ,Cafes
494,W1Yr6c2XDx_RBjb6WsV-aQ,"American (New)"
495,W1Yr6c2XDx_RBjb6WsV-aQ,Bars
496,W1Yr6c2XDx_RBjb6WsV-aQ,Nightlife
497,W1Yr6c2XDx_RBjb6WsV-aQ,"Wine Bars"
498,oZBISmgb-GjOdj-ik8UfjA,Shopping
499,oZBISmgb-GjOdj-ik8UfjA,Drugstores
500,SJAggfn8ta7XLD98XD2mkw,Burgers
501,SJAggfn8ta7XLD98XD2mkw,"Fast Food"
502,SJAggfn8ta7XLD98XD2mkw,Restaurants
503,OcUVZniPo7CnIG-Tv83XcQ,Optometrists
504,OcUVZniPo7CnIG-Tv83XcQ,"Health & Medical"
505,OcUVZniPo7CnIG-Tv83XcQ,"Eyewear & Opticians"
506,OcUVZniPo7CnIG-Tv83XcQ,Shopping
507,o8cX77mJ1nHMMo0URPS5bg,"Tobacco Shops"
508,o8cX77mJ1nHMMo0URPS5bg,"Hobby Shops"
509,o8cX77mJ1nHMMo0URPS5bg,Shopping
510,x5s5yvoI3QFLBZE6JNNhyg,"Home Services"
511,x5s5yvoI3QFLBZE6JNNhyg,"Grout Services"
512,x5s5yvoI3QFLBZE6JNNhyg,"Carpet Cleaning"
513,x5s5yvoI3QFLBZE6JNNhyg,"Damage Restoration"
514,x5s5yvoI3QFLBZE6JNNhyg,"Home Cleaning"
515,x5s5yvoI3QFLBZE6JNNhyg,"Local Services"
516,EXsmUB2mJyJsCpCV-56Ujw,"Party & Event Planning"
517,EXsmUB2mJyJsCpCV-56Ujw,"Wedding Planning"
518,EXsmUB2mJyJsCpCV-56Ujw,"Event Planning & Services"
519,NC03ZDFpIYpEi2aiFTmGPg,"Office Equipment"
520,NC03ZDFpIYpEi2aiFTmGPg,Shopping
521,AR6mrWO89rq-ku_t_E71AA,"Convenience Stores"
522,AR6mrWO89rq-ku_t_E71AA,Desserts
523,AR6mrWO89rq-ku_t_E71AA,"Food Delivery Services"
524,AR6mrWO89rq-ku_t_E71AA,Food
525,AR6mrWO89rq-ku_t_E71AA,Grocery
526,KX_4sldJKgkEWaYVfSWjwQ,Restaurants
527,KX_4sldJKgkEWaYVfSWjwQ,Food
528,KX_4sldJKgkEWaYVfSWjwQ,Vietnamese
529,WSZL9uQ9JMOrrulMKEl7Tw,Arcades
530,WSZL9uQ9JMOrrulMKEl7Tw,"Arts & Entertainment"
531,WSZL9uQ9JMOrrulMKEl7Tw,"Party & Event Planning"
532,WSZL9uQ9JMOrrulMKEl7Tw,"Escape Games"
533,WSZL9uQ9JMOrrulMKEl7Tw,"Event Planning & Services"
534,WSZL9uQ9JMOrrulMKEl7Tw,"Active Life"
535,CfEJGhzBFkWKoe-UTT2jiw,"Beauty & Spas"
536,CfEJGhzBFkWKoe-UTT2jiw,"Nail Salons"
537,vzx1WdVivFsaN4QYrez2rw,Sandwiches
538,vzx1WdVivFsaN4QYrez2rw,Restaurants
539,vzx1WdVivFsaN4QYrez2rw,"Fast Food"
540,-McKyjNSqS1h9dDJH3dyUA,Restaurants
541,-McKyjNSqS1h9dDJH3dyUA,"Coffee & Tea"
542,-McKyjNSqS1h9dDJH3dyUA,Cafes
543,-McKyjNSqS1h9dDJH3dyUA,German
544,-McKyjNSqS1h9dDJH3dyUA,Food
545,z0BQG6LJOmd8E7cNuMtH0A,"Comedy Clubs"
546,z0BQG6LJOmd8E7cNuMtH0A,Nightlife
547,z0BQG6LJOmd8E7cNuMtH0A,Shopping
548,y7g-pgAFx37vKytP5oRD0Q,Food
549,y7g-pgAFx37vKytP5oRD0Q,Bakeries
550,y7g-pgAFx37vKytP5oRD0Q,Donuts
551,iOudjMD1sFvD9QTltPQiTg,"Hotels & Travel"
552,iOudjMD1sFvD9QTltPQiTg,"Event Planning & Services"
553,iOudjMD1sFvD9QTltPQiTg,Hotels
554,aWnASLfWj1G6ptH4SR5RRA,"Chocolatiers & Shops"
555,aWnASLfWj1G6ptH4SR5RRA,Desserts
556,aWnASLfWj1G6ptH4SR5RRA,"Specialty Food"
557,aWnASLfWj1G6ptH4SR5RRA,Food
558,v3tBN6s8BhotnjA7GncQnQ,"Health & Medical"
559,v3tBN6s8BhotnjA7GncQnQ,"Active Life"
560,v3tBN6s8BhotnjA7GncQnQ,"Weight Loss Centers"
561,v3tBN6s8BhotnjA7GncQnQ,"Fitness & Instruction"
562,v3tBN6s8BhotnjA7GncQnQ,Trainers
563,v3tBN6s8BhotnjA7GncQnQ,Nutritionists
564,v3tBN6s8BhotnjA7GncQnQ,Gyms
565,AVtMhvR_3bhL9VkRrAG6dQ,"Pest Control"
566,AVtMhvR_3bhL9VkRrAG6dQ,"Local Services"
567,PJ-VbAtIOso1dqd2frQqqg,Donuts
568,PJ-VbAtIOso1dqd2frQqqg,Food
569,JmKgz6n7zn24F-WkgT-kiA,Restaurants
570,JmKgz6n7zn24F-WkgT-kiA,"Sushi Bars"
571,JmKgz6n7zn24F-WkgT-kiA,Japanese
572,JmKgz6n7zn24F-WkgT-kiA,"Asian Fusion"
573,mtTxLi9CZNOsDqOTJH3pQw,Food
574,mtTxLi9CZNOsDqOTJH3pQw,"Coffee & Tea"
575,mtTxLi9CZNOsDqOTJH3pQw,Massage
576,mtTxLi9CZNOsDqOTJH3pQw,"Beauty & Spas"
577,zV_aclADLjx2KOql9F_FTw,Restaurants
578,zV_aclADLjx2KOql9F_FTw,Creperies
579,DCQ3qzzmsm1JZxvW8-bCgQ,"Mobile Phones"
580,DCQ3qzzmsm1JZxvW8-bCgQ,"IT Services & Computer Repair"
581,DCQ3qzzmsm1JZxvW8-bCgQ,Shopping
582,DCQ3qzzmsm1JZxvW8-bCgQ,"Electronics Repair"
583,DCQ3qzzmsm1JZxvW8-bCgQ,"Mobile Phone Repair"
584,DCQ3qzzmsm1JZxvW8-bCgQ,"Local Services"
585,yh-NN-dCaxxleNcI-_bsUA,Pizza
586,yh-NN-dCaxxleNcI-_bsUA,Restaurants
587,8GL63JMAiD0mI-Z1Y-kT2Q,"Arts & Entertainment"
588,8GL63JMAiD0mI-Z1Y-kT2Q,"Performing Arts"
589,EiZYdEo9p2K6r6CnZ5gqsw,Plumbing
590,EiZYdEo9p2K6r6CnZ5gqsw,"Home Services"
591,bA21m-qbgN_GNR6g-AlfYw,Restaurants
592,bA21m-qbgN_GNR6g-AlfYw,Chinese
593,lZ18HyZhfrrN_VAJIpyhxQ,"Hair Salons"
594,lZ18HyZhfrrN_VAJIpyhxQ,"Beauty & Spas"
595,lZ18HyZhfrrN_VAJIpyhxQ,"Nail Salons"
596,xMP2oDrKFqyUrN0Uww85EQ,"Seafood Markets"
597,xMP2oDrKFqyUrN0Uww85EQ,Food
598,xMP2oDrKFqyUrN0Uww85EQ,"Specialty Food"
599,pOyt4Fon5n783Jc-hrSq-A,"Health Markets"
600,pOyt4Fon5n783Jc-hrSq-A,Food
601,pOyt4Fon5n783Jc-hrSq-A,"Beauty & Spas"
602,pOyt4Fon5n783Jc-hrSq-A,"Specialty Food"
603,pOyt4Fon5n783Jc-hrSq-A,Shopping
604,pOyt4Fon5n783Jc-hrSq-A,"Cosmetics & Beauty Supply"
605,Pp_ca_wyn1vsKBNR94ZRXw,"Tobacco Shops"
606,Pp_ca_wyn1vsKBNR94ZRXw,Shopping
607,Pp_ca_wyn1vsKBNR94ZRXw,"Vape Shops"
608,sG3jr8wLMpncvwvu8JM1Dw,"Musical Instruments & Teachers"
609,sG3jr8wLMpncvwvu8JM1Dw,Shopping
610,d7AtQMYDUh40DeJinidFNQ,Restaurants
611,d7AtQMYDUh40DeJinidFNQ,Sandwiches
612,d7AtQMYDUh40DeJinidFNQ,Delicatessen
613,d7AtQMYDUh40DeJinidFNQ,"Asian Fusion"
614,d7AtQMYDUh40DeJinidFNQ,Food
615,d7AtQMYDUh40DeJinidFNQ,Cafes
616,aLM-0HupwCE5r7bMIcQ2TQ,"Septic Services"
617,aLM-0HupwCE5r7bMIcQ2TQ,"Home Services"
618,aLM-0HupwCE5r7bMIcQ2TQ,Plumbing
619,aLM-0HupwCE5r7bMIcQ2TQ,"Local Services"
620,cYuGJKCCazgCnsGGlBxaEQ,"Blow Dry/Out Services"
621,cYuGJKCCazgCnsGGlBxaEQ,"Hair Salons"
622,cYuGJKCCazgCnsGGlBxaEQ,Barbers
623,cYuGJKCCazgCnsGGlBxaEQ,"Hair Stylists"
624,cYuGJKCCazgCnsGGlBxaEQ,"Beauty & Spas"
625,z1hRMOmEvw7jx4cq4-8Yfw,Food
626,z1hRMOmEvw7jx4cq4-8Yfw,"Local Flavor"
627,z1hRMOmEvw7jx4cq4-8Yfw,"Canadian (New)"
628,z1hRMOmEvw7jx4cq4-8Yfw,"Sugar Shacks"
629,z1hRMOmEvw7jx4cq4-8Yfw,Restaurants
630,z1hRMOmEvw7jx4cq4-8Yfw,"American (Traditional)"
631,vIAQV1_p48AsKP-B9iULwg,"Eyewear & Opticians"
632,vIAQV1_p48AsKP-B9iULwg,"Health & Medical"
633,vIAQV1_p48AsKP-B9iULwg,Shopping
634,vIAQV1_p48AsKP-B9iULwg,Optometrists
635,UlI0TksGFiIXtcbtg2KalQ,Restaurants
636,UlI0TksGFiIXtcbtg2KalQ,Thai
637,UlI0TksGFiIXtcbtg2KalQ,Vietnamese
638,UlI0TksGFiIXtcbtg2KalQ,Chinese
639,98YzjvO45DRRvqrNv0hhAA,"Hotels & Travel"
640,98YzjvO45DRRvqrNv0hhAA,Transportation
641,98YzjvO45DRRvqrNv0hhAA,"Public Transportation"
642,Kul8tFT48hZQJkeNK5jLBQ,Electricians
643,Kul8tFT48hZQJkeNK5jLBQ,"Home Services"
644,Kul8tFT48hZQJkeNK5jLBQ,"Heating & Air Conditioning/HVAC"
645,Kul8tFT48hZQJkeNK5jLBQ,Plumbing
646,uZd7UVMib1EYUFFbfWkGdw,Hiking
647,uZd7UVMib1EYUFFbfWkGdw,"Active Life"
648,cehTmoCXPi0a3FwCE3Tq2Q,Shopping
649,cehTmoCXPi0a3FwCE3Tq2Q,Fashion
650,cehTmoCXPi0a3FwCE3Tq2Q,"Shoe Stores"
651,Uy3_5nLo3sYkAuSX6mjdmg,Restaurants
652,Uy3_5nLo3sYkAuSX6mjdmg,"American (Traditional)"
653,mLP-jIIRdoaYM7fJqqFurw,Italian
654,mLP-jIIRdoaYM7fJqqFurw,Pizza
655,mLP-jIIRdoaYM7fJqqFurw,Restaurants
656,mLP-jIIRdoaYM7fJqqFurw,Salad
657,GDOAg680Gmi6S1MlhU7B1g,Mexican
658,GDOAg680Gmi6S1MlhU7B1g,Tex-Mex
659,GDOAg680Gmi6S1MlhU7B1g,Restaurants
660,GDOAg680Gmi6S1MlhU7B1g,"Fast Food"
661,2v-8QQfMLX2PCz-0S6gISQ,Pizza
662,2v-8QQfMLX2PCz-0S6gISQ,Restaurants
663,2v-8QQfMLX2PCz-0S6gISQ,"Fast Food"
664,t8yi2l7pZF43Rlf9_lHdDA,Burgers
665,t8yi2l7pZF43Rlf9_lHdDA,Restaurants
666,AXb5gCwqHl-_v6ZIMb1mXQ,Hotels
667,AXb5gCwqHl-_v6ZIMb1mXQ,Restaurants
668,AXb5gCwqHl-_v6ZIMb1mXQ,"Event Planning & Services"
669,AXb5gCwqHl-_v6ZIMb1mXQ,"American (New)"
670,AXb5gCwqHl-_v6ZIMb1mXQ,"Hotels & Travel"
671,XSrN9gtLHC8MtUnSobZfDQ,Shopping
672,XSrN9gtLHC8MtUnSobZfDQ,Adult
673,5GAXZ7gJ81TSR0-Q6AMp_A,Italian
674,5GAXZ7gJ81TSR0-Q6AMp_A,Restaurants
675,HyE2qiMaz7HMJWDhunHA4A,"Auto Parts & Supplies"
676,HyE2qiMaz7HMJWDhunHA4A,Automotive
677,HyE2qiMaz7HMJWDhunHA4A,"Auto Repair"
678,Vl9UFifPCWTGKdogF5gnvw,Tiling
679,Vl9UFifPCWTGKdogF5gnvw,"Carpet Cleaning"
680,Vl9UFifPCWTGKdogF5gnvw,"Home Services"
681,Vl9UFifPCWTGKdogF5gnvw,"Refinishing Services"
682,Vl9UFifPCWTGKdogF5gnvw,"Local Services"
683,XG0twdTiMzUS3v3p9OZbJA,Fashion
684,XG0twdTiMzUS3v3p9OZbJA,"Women's Clothing"
685,XG0twdTiMzUS3v3p9OZbJA,Accessories
686,XG0twdTiMzUS3v3p9OZbJA,Shopping
687,htKaC4cHY4wlB4Wqb8CDnQ,Accessories
688,htKaC4cHY4wlB4Wqb8CDnQ,"Women's Clothing"
689,htKaC4cHY4wlB4Wqb8CDnQ,Fashion
690,htKaC4cHY4wlB4Wqb8CDnQ,Shopping
691,Q1MzgzH263RgYX4TU4xQ2Q,"Wedding Planning"
692,Q1MzgzH263RgYX4TU4xQ2Q,Fashion
693,Q1MzgzH263RgYX4TU4xQ2Q,"Formal Wear"
694,Q1MzgzH263RgYX4TU4xQ2Q,"Event Planning & Services"
695,Q1MzgzH263RgYX4TU4xQ2Q,Bridal
696,Q1MzgzH263RgYX4TU4xQ2Q,"Party & Event Planning"
697,Q1MzgzH263RgYX4TU4xQ2Q,Shopping
698,kyXEnWKQGWSThY6EcjORuw,Restaurants
699,kyXEnWKQGWSThY6EcjORuw,Greek
700,kyXEnWKQGWSThY6EcjORuw,Salad
701,kyXEnWKQGWSThY6EcjORuw,Mediterranean
702,M3uV9Y3EDSpy9d4YwyNSAQ,Nightlife
703,M3uV9Y3EDSpy9d4YwyNSAQ,Japanese
704,M3uV9Y3EDSpy9d4YwyNSAQ,"Music Venues"
705,M3uV9Y3EDSpy9d4YwyNSAQ,Ramen
706,M3uV9Y3EDSpy9d4YwyNSAQ,"Arts & Entertainment"
707,M3uV9Y3EDSpy9d4YwyNSAQ,Restaurants
708,M3uV9Y3EDSpy9d4YwyNSAQ,Bars
709,swZaqSjwq4UF8QhEtacx5A,"Real Estate Services"
710,swZaqSjwq4UF8QhEtacx5A,"Real Estate"
711,swZaqSjwq4UF8QhEtacx5A,"Home Services"
712,P5TLch0Fu9p3o6W2hRSz0g,Automotive
713,P5TLch0Fu9p3o6W2hRSz0g,"Gas Stations"
714,1cLXGXThDYZ5WK_KpBLtkw,Bakeries
715,1cLXGXThDYZ5WK_KpBLtkw,"Coffee & Tea"
716,1cLXGXThDYZ5WK_KpBLtkw,"Bubble Tea"
717,1cLXGXThDYZ5WK_KpBLtkw,Food
718,KVPGEIZb0i5EBYOrlMOziQ,"Active Life"
719,KVPGEIZb0i5EBYOrlMOziQ,Parks
720,KVPGEIZb0i5EBYOrlMOziQ,Playgrounds
721,onb5syYKz4Wf3cwQWuqv1A,"Sewing & Alterations"
722,onb5syYKz4Wf3cwQWuqv1A,"Local Services"
723,onb5syYKz4Wf3cwQWuqv1A,"Shoe Repair"
724,7m9ux0KgTe2NwUU0XA_9xQ,Automotive
725,7m9ux0KgTe2NwUU0XA_9xQ,"Auto Detailing"
726,7m9ux0KgTe2NwUU0XA_9xQ,"Mobile Dent Repair"
727,7m9ux0KgTe2NwUU0XA_9xQ,"Auto Upholstery"
728,7m9ux0KgTe2NwUU0XA_9xQ,"Auto Glass Services"
729,4SBY4CHiMD8YOCEU9_fdnw,"Day Spas"
730,4SBY4CHiMD8YOCEU9_fdnw,"Hair Salons"
731,4SBY4CHiMD8YOCEU9_fdnw,"Beauty & Spas"
732,VWNvhS3kUYU9qxiFudb6Ag,"Sewing & Alterations"
733,VWNvhS3kUYU9qxiFudb6Ag,"Local Services"
734,JdzoBklGL66IPFxGkJ2lQA,Massage
735,JdzoBklGL66IPFxGkJ2lQA,"Nail Salons"
736,JdzoBklGL66IPFxGkJ2lQA,"Skin Care"
737,JdzoBklGL66IPFxGkJ2lQA,"Day Spas"
738,JdzoBklGL66IPFxGkJ2lQA,"Beauty & Spas"
739,Muk-jU2W2x1D__h0pCXhbw,"Active Life"
740,Muk-jU2W2x1D__h0pCXhbw,"Sports Clubs"
741,Muk-jU2W2x1D__h0pCXhbw,Gyms
742,Muk-jU2W2x1D__h0pCXhbw,"Fitness & Instruction"
743,Muk-jU2W2x1D__h0pCXhbw,Trainers
744,JX3ivaSLYcAmDS0HmLOxiA,"Motorcycle Repair"
745,JX3ivaSLYcAmDS0HmLOxiA,Automotive
746,JX3ivaSLYcAmDS0HmLOxiA,"Motorcycle Dealers"
747,JsQ_hJoHzEcXp209LI1t_g,"Photography Stores & Services"
748,JsQ_hJoHzEcXp209LI1t_g,Shopping
749,JsQ_hJoHzEcXp209LI1t_g,"Beauty & Spas"
750,JsQ_hJoHzEcXp209LI1t_g,"Cosmetics & Beauty Supply"
751,JsQ_hJoHzEcXp209LI1t_g,Drugstores
752,LOeVGnlOti05f86ZZbgY7Q,Automotive
753,LOeVGnlOti05f86ZZbgY7Q,"Auto Repair"
754,LOeVGnlOti05f86ZZbgY7Q,"Body Shops"
755,oMH0Ac-Pke2Ph4btOXiQuw,Yoga
756,oMH0Ac-Pke2Ph4btOXiQuw,"Active Life"
757,oMH0Ac-Pke2Ph4btOXiQuw,"Fitness & Instruction"
758,nSD-uxCMb745bH3dxoko9Q,Tex-Mex
759,nSD-uxCMb745bH3dxoko9Q,Mexican
760,nSD-uxCMb745bH3dxoko9Q,Restaurants
761,nSD-uxCMb745bH3dxoko9Q,"Fast Food"
762,stDINY-WbudvOK9kfCX9Hw,Shopping
763,stDINY-WbudvOK9kfCX9Hw,"Health & Medical"
764,stDINY-WbudvOK9kfCX9Hw,"Eyewear & Opticians"
765,stDINY-WbudvOK9kfCX9Hw,Optometrists
766,rasO0zMTS6uw-LX9IFbfSw,"Local Services"
767,rasO0zMTS6uw-LX9IFbfSw,"Home Services"
768,rasO0zMTS6uw-LX9IFbfSw,Plumbing
769,rasO0zMTS6uw-LX9IFbfSw,"Septic Services"
770,rasO0zMTS6uw-LX9IFbfSw,"Water Heater Installation/Repair"
771,NXoGguzSd3DrsaGRIQXLpg,Pets
772,NXoGguzSd3DrsaGRIQXLpg,Veterinarians
773,NXoGguzSd3DrsaGRIQXLpg,"Pet Services"
774,NXoGguzSd3DrsaGRIQXLpg,"Pet Groomers"
775,NXoGguzSd3DrsaGRIQXLpg,"Pet Sitting"
776,2eU7ltXoQ2U7SyLhuY9Vxw,"Juice Bars & Smoothies"
777,2eU7ltXoQ2U7SyLhuY9Vxw,Food
778,2Hv5ELUYvnkZtCLZaBhTcw,Churches
779,2Hv5ELUYvnkZtCLZaBhTcw,"Religious Organizations"
780,bXuHmdgo3DM7JIYNXN4Ndg,"Home & Garden"
781,bXuHmdgo3DM7JIYNXN4Ndg,"Active Life"
782,bXuHmdgo3DM7JIYNXN4Ndg,"Home Decor"
783,bXuHmdgo3DM7JIYNXN4Ndg,Shopping
784,bXuHmdgo3DM7JIYNXN4Ndg,"Discount Store"
785,bXuHmdgo3DM7JIYNXN4Ndg,"Furniture Stores"
786,bXuHmdgo3DM7JIYNXN4Ndg,"Swimming Pools"
787,WghcqSAGCzKOhprLblYWVA,"Active Life"
788,WghcqSAGCzKOhprLblYWVA,"Boot Camps"
789,WghcqSAGCzKOhprLblYWVA,Trainers
790,WghcqSAGCzKOhprLblYWVA,"Fitness & Instruction"
791,WghcqSAGCzKOhprLblYWVA,Gyms
792,KbSoYXHUz_Bjo-v0VWHDrw,"Active Life"
793,KbSoYXHUz_Bjo-v0VWHDrw,Parks
794,KbSoYXHUz_Bjo-v0VWHDrw,"Local Flavor"
795,vMO2vNyWLuxumso7t3rbYw,"Food Court"
796,vMO2vNyWLuxumso7t3rbYw,Restaurants
797,vMO2vNyWLuxumso7t3rbYw,Barbeque
798,DVaTciFGcCXLHTufHZM4_A,"Music Venues"
799,DVaTciFGcCXLHTufHZM4_A,Lounges
800,DVaTciFGcCXLHTufHZM4_A,"Dive Bars"
801,DVaTciFGcCXLHTufHZM4_A,Bars
802,DVaTciFGcCXLHTufHZM4_A,Nightlife
803,DVaTciFGcCXLHTufHZM4_A,"Piano Bars"
804,DVaTciFGcCXLHTufHZM4_A,"Arts & Entertainment"
805,s16EYpC3UIxVoEs0JI-juQ,"Home Services"
806,s16EYpC3UIxVoEs0JI-juQ,Shopping
807,s16EYpC3UIxVoEs0JI-juQ,"Home Decor"
808,s16EYpC3UIxVoEs0JI-juQ,"Shades & Blinds"
809,s16EYpC3UIxVoEs0JI-juQ,"Interior Design"
810,s16EYpC3UIxVoEs0JI-juQ,"Building Supplies"
811,s16EYpC3UIxVoEs0JI-juQ,"Home & Garden"
812,NOHh2pgOTUBqp82IQlRQMQ,"Canadian (New)"
813,NOHh2pgOTUBqp82IQlRQMQ,Restaurants
814,NOHh2pgOTUBqp82IQlRQMQ,"Breakfast & Brunch"
815,FtexOfH0spZrWcfj0LATiA,"Pool & Hot Tub Service"
816,FtexOfH0spZrWcfj0LATiA,"Home Services"
817,FtexOfH0spZrWcfj0LATiA,"Landscape Architects"
818,FtexOfH0spZrWcfj0LATiA,"Active Life"
819,FtexOfH0spZrWcfj0LATiA,Contractors
820,FtexOfH0spZrWcfj0LATiA,"Swimming Pools"
821,FtexOfH0spZrWcfj0LATiA,Landscaping
822,Qv0OEziLJwyAqcgtrTsA4w,Italian
823,Qv0OEziLJwyAqcgtrTsA4w,Restaurants
824,Qv0OEziLJwyAqcgtrTsA4w,Sandwiches
825,Qv0OEziLJwyAqcgtrTsA4w,"Hot Dogs"
826,TzlaonysPohYJyLIFTk6Jg,Transportation
827,TzlaonysPohYJyLIFTk6Jg,"Event Planning & Services"
828,TzlaonysPohYJyLIFTk6Jg,Airlines
829,TzlaonysPohYJyLIFTk6Jg,"Hotels & Travel"
830,TzlaonysPohYJyLIFTk6Jg,"Airport Shuttles"
831,TzlaonysPohYJyLIFTk6Jg,Limos
832,TzlaonysPohYJyLIFTk6Jg,"Party Bus Rentals"
833,TzlaonysPohYJyLIFTk6Jg,"Public Transportation"
834,qts-sjm1sj3oiT_Rch1zhQ,Fashion
835,qts-sjm1sj3oiT_Rch1zhQ,"Men's Clothing"
836,qts-sjm1sj3oiT_Rch1zhQ,Shopping
837,qts-sjm1sj3oiT_Rch1zhQ,"Plus Size Fashion"
838,qts-sjm1sj3oiT_Rch1zhQ,"Formal Wear"
839,lh2Lpra5q06qDxZeBQPOuQ,Shopping
840,lh2Lpra5q06qDxZeBQPOuQ,"Men's Clothing"
841,lh2Lpra5q06qDxZeBQPOuQ,"Shoe Stores"
842,lh2Lpra5q06qDxZeBQPOuQ,Fashion
843,lh2Lpra5q06qDxZeBQPOuQ,"Women's Clothing"
844,8ksIhKcaFmzRX5pYA8cs0g,"Mortgage Brokers"
845,8ksIhKcaFmzRX5pYA8cs0g,"Financial Services"
846,8ksIhKcaFmzRX5pYA8cs0g,"Mortgage Lenders"
847,8ksIhKcaFmzRX5pYA8cs0g,"Real Estate"
848,8ksIhKcaFmzRX5pYA8cs0g,"Home Services"
849,xiSEUnaX77EhNz-l3ag7RA,"Hair Removal"
850,xiSEUnaX77EhNz-l3ag7RA,"Beauty & Spas"
851,xiSEUnaX77EhNz-l3ag7RA,Waxing
852,xiSEUnaX77EhNz-l3ag7RA,"Nail Salons"
853,BiBILjVBFpT3QtYRwhrL6w,"Auto Repair"
854,BiBILjVBFpT3QtYRwhrL6w,"Gas Stations"
855,BiBILjVBFpT3QtYRwhrL6w,Automotive
856,zF7HHlWxhgpaO4IVmaNeag,"Arts & Entertainment"
857,zF7HHlWxhgpaO4IVmaNeag,"Yelp Events"
858,zF7HHlWxhgpaO4IVmaNeag,Festivals
859,zF7HHlWxhgpaO4IVmaNeag,"Local Flavor"
860,aD4qhONCE5catMdQC4sqwg,Restaurants
861,aD4qhONCE5catMdQC4sqwg,Pizza
862,e4-Clr5QT4l3Rf9R7tQ5aQ,Shopping
863,e4-Clr5QT4l3Rf9R7tQ5aQ,Grocery
864,e4-Clr5QT4l3Rf9R7tQ5aQ,Florists
865,e4-Clr5QT4l3Rf9R7tQ5aQ,"Flowers & Gifts"
866,e4-Clr5QT4l3Rf9R7tQ5aQ,Bakeries
867,e4-Clr5QT4l3Rf9R7tQ5aQ,"Convenience Stores"
868,e4-Clr5QT4l3Rf9R7tQ5aQ,Food
869,lXGx_aKtF_UxenWDDkogWg,"Active Life"
870,lXGx_aKtF_UxenWDDkogWg,"Sporting Goods"
871,lXGx_aKtF_UxenWDDkogWg,Karate
872,lXGx_aKtF_UxenWDDkogWg,Education
873,lXGx_aKtF_UxenWDDkogWg,Shopping
874,lXGx_aKtF_UxenWDDkogWg,"Martial Arts"
875,lXGx_aKtF_UxenWDDkogWg,"Specialty Schools"
876,lXGx_aKtF_UxenWDDkogWg,Trainers
877,lXGx_aKtF_UxenWDDkogWg,"Fitness & Instruction"
878,c1HfT-Rm4iYSxsAsk8eW4Q,"Pet Services"
879,c1HfT-Rm4iYSxsAsk8eW4Q,"Pet Sitting"
880,c1HfT-Rm4iYSxsAsk8eW4Q,"Dog Walkers"
881,c1HfT-Rm4iYSxsAsk8eW4Q,Pets
882,paN928wuyEHzxw7Zn5_snw,Fashion
883,paN928wuyEHzxw7Zn5_snw,"Shoe Stores"
884,paN928wuyEHzxw7Zn5_snw,Shopping
885,akRtfcCezswizRIaAqJ4fQ,"Chicken Wings"
886,akRtfcCezswizRIaAqJ4fQ,Restaurants
887,akRtfcCezswizRIaAqJ4fQ,"Fast Food"
888,kpM-NegY__31O-XMEEesdg,Shopping
889,kpM-NegY__31O-XMEEesdg,"Sporting Goods"
890,kpM-NegY__31O-XMEEesdg,"Women's Clothing"
891,kpM-NegY__31O-XMEEesdg,"Men's Clothing"
892,kpM-NegY__31O-XMEEesdg,"Sports Wear"
893,kpM-NegY__31O-XMEEesdg,Fashion
894,llE7OE0-4_LTS8rpGKOO-Q,"Cosmetic Dentists"
895,llE7OE0-4_LTS8rpGKOO-Q,Dentists
896,llE7OE0-4_LTS8rpGKOO-Q,Orthodontists
897,llE7OE0-4_LTS8rpGKOO-Q,"Health & Medical"
898,llE7OE0-4_LTS8rpGKOO-Q,"General Dentistry"
899,wZ-o2o-LVjc03JKb9_oZuQ,Jewelry
900,wZ-o2o-LVjc03JKb9_oZuQ,"Arts & Crafts"
901,wZ-o2o-LVjc03JKb9_oZuQ,Shopping
902,P2V7MzTHkC6-A0IlJIPBEw,Pets
903,P2V7MzTHkC6-A0IlJIPBEw,Veterinarians
904,P2V7MzTHkC6-A0IlJIPBEw,"Pet Services"
905,MfI-S7392ENwqWG89g4Opw,Automotive
906,MfI-S7392ENwqWG89g4Opw,"Auto Parts & Supplies"
907,N_W4JlpCw02VPSf5Mrxwqg,Food
908,N_W4JlpCw02VPSf5Mrxwqg,Donuts
909,N_W4JlpCw02VPSf5Mrxwqg,"Coffee & Tea"
910,JtBJ-UPbVjJvqzqkO-jnjA,Shopping
911,JtBJ-UPbVjJvqzqkO-jnjA,"Sporting Goods"
912,5BjhQ_Tmm9ppK4UGrMr09g,Restaurants
913,5BjhQ_Tmm9ppK4UGrMr09g,Sandwiches
914,5BjhQ_Tmm9ppK4UGrMr09g,Delis
915,y0YoEY7JamQjTWju6OqjkQ,Flooring
916,y0YoEY7JamQjTWju6OqjkQ,Carpeting
917,y0YoEY7JamQjTWju6OqjkQ,"Carpet Installation"
918,y0YoEY7JamQjTWju6OqjkQ,"Home Services"
919,XguKrY0dAuaK1W6HUlUQ1Q,Italian
920,XguKrY0dAuaK1W6HUlUQ1Q,Restaurants
921,XguKrY0dAuaK1W6HUlUQ1Q,Pizza
922,W58P-gdejuMMh2r7OHpIyQ,Education
923,W58P-gdejuMMh2r7OHpIyQ,"Health & Medical"
924,W58P-gdejuMMh2r7OHpIyQ,"Beauty & Spas"
925,W58P-gdejuMMh2r7OHpIyQ,Massage
926,W58P-gdejuMMh2r7OHpIyQ,"Physical Therapy"
927,W58P-gdejuMMh2r7OHpIyQ,"Massage Therapy"
928,IHv_GCCzxVgmKSW1yb2jtA,"Beauty & Spas"
929,IHv_GCCzxVgmKSW1yb2jtA,"Hair Salons"
930,7fiIMBxbOYdAv3XMcmWivw,Massage
931,7fiIMBxbOYdAv3XMcmWivw,"Beauty & Spas"
932,bBZwjf9jAe6j-n54jDcTxA,"Real Estate Services"
933,bBZwjf9jAe6j-n54jDcTxA,"Real Estate"
934,bBZwjf9jAe6j-n54jDcTxA,"Home Services"
935,bBZwjf9jAe6j-n54jDcTxA,"Property Management"
936,bBZwjf9jAe6j-n54jDcTxA,"Real Estate Agents"
937,Rh2smrKvcamnP8VBUgMI0Q,Chinese
938,Rh2smrKvcamnP8VBUgMI0Q,Restaurants
939,Rh2smrKvcamnP8VBUgMI0Q,"Dim Sum"
940,Svs-B-a5-13D2dGTKxLsyw,Restaurants
941,Svs-B-a5-13D2dGTKxLsyw,"Fast Food"
942,O_UC_izJXcAmkm6HlEyGSA,Mexican
943,O_UC_izJXcAmkm6HlEyGSA,Restaurants
944,O_UC_izJXcAmkm6HlEyGSA,Nightlife
945,O_UC_izJXcAmkm6HlEyGSA,Bars
946,_ltkVUDwaI0MTxv8g21k1A,"Fast Food"
947,_ltkVUDwaI0MTxv8g21k1A,Restaurants
948,_ltkVUDwaI0MTxv8g21k1A,Chinese
949,by_hdCLqAMHW8EEfPYjktA,Food
950,by_hdCLqAMHW8EEfPYjktA,Caterers
951,by_hdCLqAMHW8EEfPYjktA,Restaurants
952,by_hdCLqAMHW8EEfPYjktA,"Fast Food"
953,by_hdCLqAMHW8EEfPYjktA,French
954,by_hdCLqAMHW8EEfPYjktA,"Event Planning & Services"
955,by_hdCLqAMHW8EEfPYjktA,"Food Delivery Services"
956,6PwKC0dqP9uI85FEP86iPQ,"Sushi Bars"
957,6PwKC0dqP9uI85FEP86iPQ,Restaurants
958,6PwKC0dqP9uI85FEP86iPQ,Japanese
959,6PwKC0dqP9uI85FEP86iPQ,"Asian Fusion"
960,6PwKC0dqP9uI85FEP86iPQ,Vietnamese
961,WZdHNL9F0VWPRGLf1GQcbA,"Fast Food"
962,WZdHNL9F0VWPRGLf1GQcbA,Restaurants
963,WZdHNL9F0VWPRGLf1GQcbA,Burgers
964,WZdHNL9F0VWPRGLf1GQcbA,"Breakfast & Brunch"
965,WZdHNL9F0VWPRGLf1GQcbA,"American (New)"
966,HNPipWcVQztvyPQ-S05_2Q,"Motorcycle Dealers"
967,HNPipWcVQztvyPQ-S05_2Q,Automotive
968,dfeT_kmoO388KzyVv0Styg,Food
969,dfeT_kmoO388KzyVv0Styg,"Ice Cream & Frozen Yogurt"
970,2W4ib_VaQecBX5QsROf6tA,"Auto Parts & Supplies"
971,2W4ib_VaQecBX5QsROf6tA,Automotive
972,GlZMZrA-whyu1INVXcvRnw,"Fruits & Veggies"
973,GlZMZrA-whyu1INVXcvRnw,Shopping
974,GlZMZrA-whyu1INVXcvRnw,"Specialty Food"
975,GlZMZrA-whyu1INVXcvRnw,"Flowers & Gifts"
976,GlZMZrA-whyu1INVXcvRnw,Food
977,GlZMZrA-whyu1INVXcvRnw,Florists
978,YTXTddeFATWYyCkopgaJig,Preschools
979,YTXTddeFATWYyCkopgaJig,"Child Care & Day Care"
980,YTXTddeFATWYyCkopgaJig,"Local Services"
981,YTXTddeFATWYyCkopgaJig,Education
982,YTXTddeFATWYyCkopgaJig,"Elementary Schools"
983,g-DJdpZnDpZ3gGpNxitxkA,"Home Services"
984,g-DJdpZnDpZ3gGpNxitxkA,"Real Estate"
985,ww_MXl-qDLeYdYTZZ9KWbA,Vietnamese
986,ww_MXl-qDLeYdYTZZ9KWbA,Restaurants
987,d4GBb0eVWVdfL5aJx3UCRg,"Arts & Entertainment"
988,d4GBb0eVWVdfL5aJx3UCRg,"American (Traditional)"
989,d4GBb0eVWVdfL5aJx3UCRg,"Sushi Bars"
990,d4GBb0eVWVdfL5aJx3UCRg,Nightlife
991,d4GBb0eVWVdfL5aJx3UCRg,Restaurants
992,d4GBb0eVWVdfL5aJx3UCRg,"Music Venues"
993,bA4uXceTHDywJtTXQU7SkA,Fashion
994,bA4uXceTHDywJtTXQU7SkA,"Clothing Rental"
995,bA4uXceTHDywJtTXQU7SkA,Uniforms
996,bA4uXceTHDywJtTXQU7SkA,"Building Supplies"
997,bA4uXceTHDywJtTXQU7SkA,"Home Services"
998,bA4uXceTHDywJtTXQU7SkA,Shopping
999,Qs7X8UTwtp9SvtxvEP4hLg,Beer
1000,Qs7X8UTwtp9SvtxvEP4hLg,"Wine & Spirits"
