id,user_id,friend_id
1,oMy_rEb0UBEmMlu-zcxnoQ,cvVMmlU1ouS3I5fhutaryQ
2,oMy_rEb0UBEmMlu-zcxnoQ,nj6UZ8tdGo8YJ9lUMTVWNw
3,oMy_rEb0UBEmMlu-zcxnoQ,RTtdEVhAmeWqCSp0IgJ99w
4,oMy_rEb0UBEmMlu-zcxnoQ,t3UKA1sl4e6LY_xsjuvI0A
5,oMy_rEb0UBEmMlu-zcxnoQ,s057_BvOfnKNvQquJf7VNg
6,oMy_rEb0UBEmMlu-zcxnoQ,VYrdepCgdzJ4WaxP7dBGpg
7,oMy_rEb0UBEmMlu-zcxnoQ,XXLSk6sQQDyr3dZ4zE-O0g
8,oMy_rEb0UBEmMlu-zcxnoQ,Py8ThfExQaXF2Woqr7kWUw
9,oMy_rEb0UBEmMlu-zcxnoQ,233YNvzVtZ1ObkaNkUzNIw
10,oMy_rEb0UBEmMlu-zcxnoQ,L6iE9NpmHHJQTk0JQlRlSA
11,oMy_rEb0UBEmMlu-zcxnoQ,Y7XTMgZ_q5Bj5f9KhK1R4Q
12,JJ-aSuM4pCFPdkfoZ34q0Q,0njfJmB-7n84DlIgUByCNw
13,JJ-aSuM4pCFPdkfoZ34q0Q,rFn3Xe3RqHxRSxWOU19Gpg
14,JJ-aSuM4pCFPdkfoZ34q0Q,HVUAmApa0fCbHHVJ0ALshw
15,JJ-aSuM4pCFPdkfoZ34q0Q,LBOTb6bJjCdFyDLNswUGmA
16,JJ-aSuM4pCFPdkfoZ34q0Q,cy3d0moQOsrhWo6VAyA_kA
17,JJ-aSuM4pCFPdkfoZ34q0Q,XTDeelhFzFX0h_8YELJDIQ
18,JJ-aSuM4pCFPdkfoZ34q0Q,_erxdUfB8yJA_MCDBAaD_w
19,JJ-aSuM4pCFPdkfoZ34q0Q,3wMYVoHy15nxOCLZYYIhqA
20,JJ-aSuM4pCFPdkfoZ34q0Q,74C8Mdn3ISlFIwNZQUPEdg
21,JJ-aSuM4pCFPdkfoZ34q0Q,Vc980a_kTQL9tzfG1ESq_g
22,JJ-aSuM4pCFPdkfoZ34q0Q,UPld_8xdzvYmIMA4YxtG0A
23,JJ-aSuM4pCFPdkfoZ34q0Q,ggppqaSt-4E-Y2XUVv6mMw
24,JJ-aSuM4pCFPdkfoZ34q0Q,vILp0ctTM3fX0ucJeBw9Hg
25,JJ-aSuM4pCFPdkfoZ34q0Q,Gl46kwumd4_f102dxgswDw
26,JJ-aSuM4pCFPdkfoZ34q0Q,i9CDu8j-qcUfZYl67WBwiw
27,JJ-aSuM4pCFPdkfoZ34q0Q,23lcgZUt6dvtMqV_AZe9KQ
28,JJ-aSuM4pCFPdkfoZ34q0Q,zacONW61-GjaCF9h5_icgA
29,JJ-aSuM4pCFPdkfoZ34q0Q,BclKLmGPYlMEVr3OZ_Uuzw
30,JJ-aSuM4pCFPdkfoZ34q0Q,ol00uKESTC5PR_fETT27AA
31,JJ-aSuM4pCFPdkfoZ34q0Q,o7e8zecvSlPNTrPi1ZQLzg
32,JJ-aSuM4pCFPdkfoZ34q0Q,00JBHX0npVAC-itaFOUhpQ
33,JJ-aSuM4pCFPdkfoZ34q0Q,im3w0wt-ZeE-lDa1zSdyMg
34,JJ-aSuM4pCFPdkfoZ34q0Q,J_hT3mbtiwHIEWjTBSJnzQ
35,JJ-aSuM4pCFPdkfoZ34q0Q,_54jmZK9vr9CN-SUSjFbMg
36,JJ-aSuM4pCFPdkfoZ34q0Q,65w6GtrNNlZDowVDAYGZFQ
37,JJ-aSuM4pCFPdkfoZ34q0Q,WJeipqBVdQmVhnYrXlLb7A
38,JJ-aSuM4pCFPdkfoZ34q0Q,vAhyONgVtU-oIaSHRJW0IA
39,JJ-aSuM4pCFPdkfoZ34q0Q,Soa5S7dQsSjlG3lbTVGb2A
40,JJ-aSuM4pCFPdkfoZ34q0Q,xtVcWcIKVORcBKhmdbrFiA
41,JJ-aSuM4pCFPdkfoZ34q0Q,7CghpxENlXnjTGOyNtRDsg
42,JJ-aSuM4pCFPdkfoZ34q0Q,jI5mX0tNR79J_qoFKZMPdA
43,JJ-aSuM4pCFPdkfoZ34q0Q,MFtiq9lbm95WVg501wNsww
44,JJ-aSuM4pCFPdkfoZ34q0Q,SCICexHST-LMCowvH9h7jQ
45,JJ-aSuM4pCFPdkfoZ34q0Q,SD2VfVLfSkz8m18dvo0HGA
46,JJ-aSuM4pCFPdkfoZ34q0Q,Y8TLRIPm_ecnZPItgAJ3Kg
47,JJ-aSuM4pCFPdkfoZ34q0Q,t9bfJI2zvx-3eFrN2zvQnw
48,JJ-aSuM4pCFPdkfoZ34q0Q,6yUCCifCroUPfXaVo5fCAA
49,JJ-aSuM4pCFPdkfoZ34q0Q,SGDa-z6MmLmNCamviRsdsA
50,JJ-aSuM4pCFPdkfoZ34q0Q,aZiDtUBOMHh19IsShZvqJg
51,JJ-aSuM4pCFPdkfoZ34q0Q,nT9_vJSUk_Tay2Yx84rzCg
52,JJ-aSuM4pCFPdkfoZ34q0Q,M98bD_uUoC0SJ39keA4OQw
53,JJ-aSuM4pCFPdkfoZ34q0Q,hT3kGKYFnLflIifxyeKWwg
54,JJ-aSuM4pCFPdkfoZ34q0Q,loEGz0M-bBf0XnyjrbEvFQ
55,JJ-aSuM4pCFPdkfoZ34q0Q,Als68VuGzyG3rbn7aLkdBQ
56,JJ-aSuM4pCFPdkfoZ34q0Q,X1Rx-CRMt3BjtW10xSb3Lw
57,JJ-aSuM4pCFPdkfoZ34q0Q,svdwrwuL9YHyF3rOgjbB1w
58,JJ-aSuM4pCFPdkfoZ34q0Q,T0jSTc2uvGtzIHZ843FcHQ
59,JJ-aSuM4pCFPdkfoZ34q0Q,XAWO5aDTxo-LTE4jVdBdVg
60,JJ-aSuM4pCFPdkfoZ34q0Q,Q1dLA0wWGO390tH56uKA4Q
61,JJ-aSuM4pCFPdkfoZ34q0Q,-Ty7mzu-bxd4NmEprFXHEA
62,JJ-aSuM4pCFPdkfoZ34q0Q,LQKbKXzjGtRRTK6v00o4gg
63,JJ-aSuM4pCFPdkfoZ34q0Q,BLnaah22WBlLCDwOC7rJ8Q
64,JJ-aSuM4pCFPdkfoZ34q0Q,IWlU5scMqNaKSWO5ovY_iA
65,JJ-aSuM4pCFPdkfoZ34q0Q,kMPSklg0XL9uYeYUgX2oCg
66,JJ-aSuM4pCFPdkfoZ34q0Q,EUH2OBcw32X7wv6Yg4oC_w
67,JJ-aSuM4pCFPdkfoZ34q0Q,Rkm94t2H5p2aPihBzhqP7w
68,JJ-aSuM4pCFPdkfoZ34q0Q,MetDJXD8zSj9J5FqTYB_3Q
69,JJ-aSuM4pCFPdkfoZ34q0Q,TyJ4xokX87KzbNUS8GX85A
70,JJ-aSuM4pCFPdkfoZ34q0Q,t8H01Z2Vx9GNU8uXVKxr2Q
71,JJ-aSuM4pCFPdkfoZ34q0Q,gv28x4ugM5FHGI_Jkky4kg
72,JJ-aSuM4pCFPdkfoZ34q0Q,Y-AnP_QFDcq6B9BoDUUs0A
73,JJ-aSuM4pCFPdkfoZ34q0Q,PXutYstbsqF3kgj6Tuik7Q
74,JJ-aSuM4pCFPdkfoZ34q0Q,G0XMrknewP2Y3iHt84qZiA
75,JJ-aSuM4pCFPdkfoZ34q0Q,gfYOmCKPDni8L3Dd_jibNQ
76,JJ-aSuM4pCFPdkfoZ34q0Q,M9FL-chYhMA4nZpmTbWIZQ
77,JJ-aSuM4pCFPdkfoZ34q0Q,zdahkrcKI1Mdj7H0i6oJcQ
78,JJ-aSuM4pCFPdkfoZ34q0Q,vl3qiO6v4RbFJBpxVREJPw
79,JJ-aSuM4pCFPdkfoZ34q0Q,RzbEU8OO2wbx67v_005Vlg
80,JJ-aSuM4pCFPdkfoZ34q0Q,T1LHbOLMsvSjgqAJXQJwxA
81,JJ-aSuM4pCFPdkfoZ34q0Q,3na1OAZAe44z06SVPY_gPA
82,JJ-aSuM4pCFPdkfoZ34q0Q,DwOyBVeoiZP7B4ZNkgbVbw
83,JJ-aSuM4pCFPdkfoZ34q0Q,f-ZbVPvuUIuGGE1cGcTRTQ
84,JJ-aSuM4pCFPdkfoZ34q0Q,6FmeOxLVL0DVr7KHBC1kVA
85,JJ-aSuM4pCFPdkfoZ34q0Q,BjN4WYNWk1t8qipjCqMJfA
86,JJ-aSuM4pCFPdkfoZ34q0Q,7rwANCcxfWgZ7K3LNBcQlw
87,JJ-aSuM4pCFPdkfoZ34q0Q,1kZ3jeyfPDAq7t7sIb89yg
88,JJ-aSuM4pCFPdkfoZ34q0Q,TDo7fo6qn8OjokmvyZzPxw
89,JJ-aSuM4pCFPdkfoZ34q0Q,ZJsUtNX4UXrQNL7ddEegUQ
90,JJ-aSuM4pCFPdkfoZ34q0Q,J-sGGuafu3SFAWlw5D0xBw
91,h5ERTYn2vQ1QbjTZvfWPaA,jYiZnueCr7gVq9T34xoa7g
92,h5ERTYn2vQ1QbjTZvfWPaA,yFLXGdY6rpHt7hRiwEFMag
93,h5ERTYn2vQ1QbjTZvfWPaA,-lMOmerImuxOPZrct6tQ4A
94,h5ERTYn2vQ1QbjTZvfWPaA,wlcE7t6C3HrdLLGwoGXJvw
95,h5ERTYn2vQ1QbjTZvfWPaA,NSsanvfVcq2GvMyUlQ4FEQ
96,h5ERTYn2vQ1QbjTZvfWPaA,fFSUVeacAFV3ygVS5SEjiQ
97,h5ERTYn2vQ1QbjTZvfWPaA,NfN97hBP0sg9QjqQ7RuuqA
98,h5ERTYn2vQ1QbjTZvfWPaA,3Q6K0gIB2Cn23cIEUBhexA
99,h5ERTYn2vQ1QbjTZvfWPaA,KbsDA-3LyFDKA-PbQJeDIA
100,h5ERTYn2vQ1QbjTZvfWPaA,_ne-SH5VweelwKE77wMDYA
101,h5ERTYn2vQ1QbjTZvfWPaA,iqjcESnZVcsfEog95onL2A
102,h5ERTYn2vQ1QbjTZvfWPaA,6ri2PmzKvkyhqq_EJnAeWA
103,h5ERTYn2vQ1QbjTZvfWPaA,UiBa715m4gaCWpxIkH7QqQ
104,h5ERTYn2vQ1QbjTZvfWPaA,bmiaScI1Lcj2vPYp1TDZuQ
105,h5ERTYn2vQ1QbjTZvfWPaA,E239YLEX76286Ybl3PM90Q
106,h5ERTYn2vQ1QbjTZvfWPaA,4XuOpVBl6dwCP5dqeF00qg
107,h5ERTYn2vQ1QbjTZvfWPaA,-Ko4PiR-QBRsn589gtr31g
108,h5ERTYn2vQ1QbjTZvfWPaA,NK2FDJPi8VgmVli6W6fUvg
109,h5ERTYn2vQ1QbjTZvfWPaA,Q059bCZKN0qVA2M5B-G0rg
110,h5ERTYn2vQ1QbjTZvfWPaA,mvsZOFOb8Ua3tjG7sl_dvQ
111,h5ERTYn2vQ1QbjTZvfWPaA,ZxF9MmyHanIUPK4pSkEeNw
112,h5ERTYn2vQ1QbjTZvfWPaA,eeyCYQ0BBG86L2-vX3LFCw
113,h5ERTYn2vQ1QbjTZvfWPaA,UIte7HAKRi5iKJNdv36kZg
114,h5ERTYn2vQ1QbjTZvfWPaA,xc0bgDDzcwOigB55FQltMA
115,h5ERTYn2vQ1QbjTZvfWPaA,H9_Z-TRy8IKKpVdqMVHVng
116,h5ERTYn2vQ1QbjTZvfWPaA,lrh6a05Ge4T2vCBLUL3_hw
117,h5ERTYn2vQ1QbjTZvfWPaA,Up_MxgCGkVS_xZ93_yLs6g
118,h5ERTYn2vQ1QbjTZvfWPaA,3hARDDBZcwsllxhql7ytbg
119,h5ERTYn2vQ1QbjTZvfWPaA,IfEtrgrmNHnljTYo0vks-w
120,h5ERTYn2vQ1QbjTZvfWPaA,QFKBCwyy6XofSS44WpoU2g
121,h5ERTYn2vQ1QbjTZvfWPaA,IcIKqLWls7-E7S7MBiMUgA
122,h5ERTYn2vQ1QbjTZvfWPaA,Fu0eeWDbT930N_Qs7KyXRw
123,h5ERTYn2vQ1QbjTZvfWPaA,TJBvXQqmQgdl2BOkOy0POw
124,h5ERTYn2vQ1QbjTZvfWPaA,SP-VWRAEc4OWhfEGRnnP_g
125,h5ERTYn2vQ1QbjTZvfWPaA,Il_yq9SaWacthHedNwmxKQ
126,h5ERTYn2vQ1QbjTZvfWPaA,bgfu7bly0ULEApOAZjYwFQ
127,h5ERTYn2vQ1QbjTZvfWPaA,PGY7tFQffIK4v7otwI9N6Q
128,h5ERTYn2vQ1QbjTZvfWPaA,OuaQq4EC26ZpU6DqhN8otA
129,h5ERTYn2vQ1QbjTZvfWPaA,DMaQVYVLIsJaEa1VY5D7RQ
130,h5ERTYn2vQ1QbjTZvfWPaA,XanpBobPirai3H60LWq1zg
131,h5ERTYn2vQ1QbjTZvfWPaA,a4H2W9wfGhZKpMr_DPyflA
132,h5ERTYn2vQ1QbjTZvfWPaA,yd4nG5vDBfHhFFgDcQiZEg
133,h5ERTYn2vQ1QbjTZvfWPaA,g3w4ybKfuQlAf9lEZHz4fw
134,h5ERTYn2vQ1QbjTZvfWPaA,lihzzFkf5jfS05qcRdTaIw
135,h5ERTYn2vQ1QbjTZvfWPaA,x-GHfjcCLB5lVoCyr_WM1w
136,h5ERTYn2vQ1QbjTZvfWPaA,58N78eOu_RRygUiR6s5Ruw
137,h5ERTYn2vQ1QbjTZvfWPaA,Ds4ArclWSyXY0KXUdP_EOg
138,h5ERTYn2vQ1QbjTZvfWPaA,IxhAKYxTxdGolO-0JqLUFw
139,h5ERTYn2vQ1QbjTZvfWPaA,6UtbIMEpNJK675RUJt_V3Q
140,h5ERTYn2vQ1QbjTZvfWPaA,_3mTLZ4WbG_tKq_4oJqYSA
141,h5ERTYn2vQ1QbjTZvfWPaA,nMfKEJaWYNyDoy78QHruRA
142,h5ERTYn2vQ1QbjTZvfWPaA,EXx8OnME43BxeNoRR51UUQ
143,h5ERTYn2vQ1QbjTZvfWPaA,pOMoP7hFJZjYqKp9kr1grQ
144,h5ERTYn2vQ1QbjTZvfWPaA,dj6OfxniW2thKkBqOUUNHQ
145,h5ERTYn2vQ1QbjTZvfWPaA,n4KahrbPwiUln1u5ZPHHKg
146,h5ERTYn2vQ1QbjTZvfWPaA,rY0AvEtrowbmcflHaxnK7A
147,h5ERTYn2vQ1QbjTZvfWPaA,O-NUTp0YtlhQOOyDDyr9VA
148,h5ERTYn2vQ1QbjTZvfWPaA,lHfu2E3n0sj4uGKOPZQVGQ
149,h5ERTYn2vQ1QbjTZvfWPaA,7T3SkiyQII910AouycjlMA
150,h5ERTYn2vQ1QbjTZvfWPaA,1zGeUwbM2QyR92bybk281Q
151,h5ERTYn2vQ1QbjTZvfWPaA,0TCZ1_7Ekl_CPv8E5RFg5A
152,h5ERTYn2vQ1QbjTZvfWPaA,C2p9-bGLb1BLo-okBwbEfg
153,h5ERTYn2vQ1QbjTZvfWPaA,XyvNsHmgFSBsvijOTfBBRw
154,h5ERTYn2vQ1QbjTZvfWPaA,Po3yksCo9rCKPUUQGMwlVw
155,jYnkJR3T8yCERXywoVhWYA,hkXekeW_Jj6mIy8r8N7r1Q
156,jYnkJR3T8yCERXywoVhWYA,dQDpV-VUtwYGqHznuRV-yw
157,jYnkJR3T8yCERXywoVhWYA,Ez7Hve1SaSrCjzl0km5XEA
158,jYnkJR3T8yCERXywoVhWYA,DVCo_LH2Etu_aAtI9I6vkA
159,jYnkJR3T8yCERXywoVhWYA,XdnOP1pKEzrPcoV-ZXvSxw
160,jYnkJR3T8yCERXywoVhWYA,fxvgztSr1DHA869YNGsMtQ
161,jYnkJR3T8yCERXywoVhWYA,Vs3bPoc5mWqruxg61-XCsg
162,jYnkJR3T8yCERXywoVhWYA,Xs0vCG3OyIKDP6lD2CeWRA
163,jYnkJR3T8yCERXywoVhWYA,fU0C1L08LX7FIO8Y3GgWcQ
164,jYnkJR3T8yCERXywoVhWYA,Dq4I_hs1mNUA0SyzqwfI_w
165,jYnkJR3T8yCERXywoVhWYA,iev9kF-VpBf9BYkPXwNjtQ
166,jYnkJR3T8yCERXywoVhWYA,ZT80XHJibHLqiSdfhecYxA
167,jYnkJR3T8yCERXywoVhWYA,6Ni3lsxF5syVjTn3Mpxi1g
168,jYnkJR3T8yCERXywoVhWYA,q0ol92YKdF7L_-s2g5kfAw
169,jYnkJR3T8yCERXywoVhWYA,xD12J7t1DJemC0PnAOZMRw
170,jYnkJR3T8yCERXywoVhWYA,WV9-UMmYEq9pvDCbKYuF4A
171,jYnkJR3T8yCERXywoVhWYA,ZAJBIWvMdEReTIBaNO2zzw
172,jYnkJR3T8yCERXywoVhWYA,gTtJ2w6cFA9UwipW7v6atQ
173,jYnkJR3T8yCERXywoVhWYA,YDNK3hTEJSaAfzYubSFPCA
174,jYnkJR3T8yCERXywoVhWYA,mPyb1bL-aeaiidA1O1gEiQ
175,jYnkJR3T8yCERXywoVhWYA,-Zv99SCrzejB3-Eelvqyfw
176,jYnkJR3T8yCERXywoVhWYA,QqZSAYcPWqCEf2hWjFrBVw
177,jYnkJR3T8yCERXywoVhWYA,XH5drM54jTK_-fbPLJut9w
178,jYnkJR3T8yCERXywoVhWYA,GKsfhVZYb6JGQOQaaHnIdw
179,jYnkJR3T8yCERXywoVhWYA,5yLQ3_Ea_qX7mBCkizgZyA
180,jYnkJR3T8yCERXywoVhWYA,woHiZYXhcIaDTNRUX5RGUA
181,jYnkJR3T8yCERXywoVhWYA,XgvdbQk13DSOp5TUoVPdHQ
182,jYnkJR3T8yCERXywoVhWYA,bP37V2AsgKWtdeMRAa9nig
183,jYnkJR3T8yCERXywoVhWYA,9O1cTap-XLI5nO-JHj6TxQ
184,jYnkJR3T8yCERXywoVhWYA,B5RmV5LhA3R4J0RsyqR70g
185,jYnkJR3T8yCERXywoVhWYA,qcIKXuGxhtuEnWLzJoGydA
186,jYnkJR3T8yCERXywoVhWYA,srOeMfwyrcwEJbdFdMRrWQ
187,jYnkJR3T8yCERXywoVhWYA,iSktH80fgzVLptg9Ep1LiA
188,jYnkJR3T8yCERXywoVhWYA,mY5JVfJfQN_yzWEsFU0QGQ
189,jYnkJR3T8yCERXywoVhWYA,7sERe-EmH5VMk_NnL8cRFg
190,jYnkJR3T8yCERXywoVhWYA,sQ-r-Bs1MEqudkQt3P77BA
191,jYnkJR3T8yCERXywoVhWYA,2f6OJCQClEhHrzUb6qExJQ
192,jYnkJR3T8yCERXywoVhWYA,VeTGif4-r1auFE4FUOZW7w
193,jYnkJR3T8yCERXywoVhWYA,ae6aCtSLDo2ysR1kQLtRaQ
194,jYnkJR3T8yCERXywoVhWYA,98W_eoy2FGcz5D2s33Fhkg
195,jYnkJR3T8yCERXywoVhWYA,7GRml4yE0k__Gfb6FtTtUg
196,jYnkJR3T8yCERXywoVhWYA,qHYQb3-pV1JpqyWcIkkwjQ
197,jYnkJR3T8yCERXywoVhWYA,NTLjNHiZuHHGANQ1u2MJyg
198,jYnkJR3T8yCERXywoVhWYA,581w9_8Upftg9Htd1-ohKA
199,jYnkJR3T8yCERXywoVhWYA,1AWoP8Nhb13k9xxh3W4nVA
200,jYnkJR3T8yCERXywoVhWYA,Los1p8wph9TbkU9T0Bo8eQ
201,jYnkJR3T8yCERXywoVhWYA,3gbDAW9yeEWsTgbrH0MmXw
202,jYnkJR3T8yCERXywoVhWYA,XwyFeLJhhAPvMIOaZ07C7g
203,jYnkJR3T8yCERXywoVhWYA,qVA8sxRL6EbAL2C0srCDvg
204,jYnkJR3T8yCERXywoVhWYA,gHLqL38fdykytgKH-G3FSw
205,jYnkJR3T8yCERXywoVhWYA,88qKciYUsQEmzx8Kw7-FBg
206,jYnkJR3T8yCERXywoVhWYA,CV-Pc9io9BgsLhD4aOu9Zg
207,jYnkJR3T8yCERXywoVhWYA,uDqTrM55zgyUBPzRVpn8uA
208,jYnkJR3T8yCERXywoVhWYA,f8skrxyB4dFKq0-eFYt0og
209,jYnkJR3T8yCERXywoVhWYA,BJGigaqQf6Q_KEtBjM29rg
210,jYnkJR3T8yCERXywoVhWYA,lc0_H1lq4iFnhKMDmrGpJw
211,jYnkJR3T8yCERXywoVhWYA,VwdiLnFD8kG9ZhNY1ITPEA
212,jYnkJR3T8yCERXywoVhWYA,4_mipJGGJ2TRy2uAI9SC5A
213,jYnkJR3T8yCERXywoVhWYA,93R7AeqerA0b4tuivx-36w
214,jYnkJR3T8yCERXywoVhWYA,AwLgRpWdYCM1_JgAze_qsA
215,jYnkJR3T8yCERXywoVhWYA,zZoSBcoN5J8FRPf5lKVZww
216,jYnkJR3T8yCERXywoVhWYA,25WwoIK8D3L_i63CI2bslQ
217,jYnkJR3T8yCERXywoVhWYA,Rxz-K72jZ2yNTV3YI5rjyQ
218,jYnkJR3T8yCERXywoVhWYA,62Fq2i4lKCO8ucTFNG370w
219,jYnkJR3T8yCERXywoVhWYA,hqMCM9L_L47WCmidyKYGkw
220,jYnkJR3T8yCERXywoVhWYA,k5xCuNNwdfpYdsu5PObAOw
221,jYnkJR3T8yCERXywoVhWYA,lGMpjdxcbCW5vGi9B2a0Kg
222,jYnkJR3T8yCERXywoVhWYA,7v9U0o2do5p0ITFUc_qKNw
223,jYnkJR3T8yCERXywoVhWYA,9lWKp5EIovVlCWH1wC7Oeg
224,jYnkJR3T8yCERXywoVhWYA,_-XChTHLoOnlxB_cmYPLZg
225,jYnkJR3T8yCERXywoVhWYA,bmHmlYJ3kKXdp3_zMXNyrg
226,jYnkJR3T8yCERXywoVhWYA,DaxCOBl91VcScCJKK9Gwkw
227,jYnkJR3T8yCERXywoVhWYA,nIod29HbvjRPSO4T-va3bQ
228,jYnkJR3T8yCERXywoVhWYA,E_EtI0ylBSsGRq-AiRcxkw
229,jYnkJR3T8yCERXywoVhWYA,0wXNILLfalmhRVNIVzVVVA
230,jYnkJR3T8yCERXywoVhWYA,HDPWfls1uO9fxUGwLndOwg
231,jYnkJR3T8yCERXywoVhWYA,u6cO2x5vr6-9EKDCQ0oSMA
232,jYnkJR3T8yCERXywoVhWYA,Er6TEjSMmmMD8ipp-kFTEA
233,jYnkJR3T8yCERXywoVhWYA,jaOjRguj5zbUyVS_HFIkkw
234,jYnkJR3T8yCERXywoVhWYA,Jt4F8KXvz_iBDeuKb7kBHw
235,jYnkJR3T8yCERXywoVhWYA,16xi58yj4HLXLRfTaBcadw
236,jYnkJR3T8yCERXywoVhWYA,K3ybII2YaLq2fFOvZEFLgA
237,jYnkJR3T8yCERXywoVhWYA,Dfg975sbdZa0CFzdl3Ok0w
238,jYnkJR3T8yCERXywoVhWYA,hqrU3hLAl46XiYBdbdXang
239,jYnkJR3T8yCERXywoVhWYA,6gkcFnXsA9z4IKJTWpylcQ
240,jYnkJR3T8yCERXywoVhWYA,oP7sipRK2qEZ9XZnflHh9g
241,jYnkJR3T8yCERXywoVhWYA,CTByzVUUHWdsNqFCA3zoAQ
242,jYnkJR3T8yCERXywoVhWYA,TIJ5bk0SIoCLqWSQThnx4A
243,jYnkJR3T8yCERXywoVhWYA,5INuiPFd6GhQQVWqfrsoHQ
244,jYnkJR3T8yCERXywoVhWYA,YwCwGO_lyv7vv2DoqeFjCA
245,jYnkJR3T8yCERXywoVhWYA,DvZqzG4MBXhevnI3-X1QMQ
246,jYnkJR3T8yCERXywoVhWYA,otYQmnY-MREpT6cb6DYDag
247,jYnkJR3T8yCERXywoVhWYA,4SN72FgmpS_yg4rdjmfFzw
248,jYnkJR3T8yCERXywoVhWYA,ccB2D20bXGRnEH0G09Y34A
249,jYnkJR3T8yCERXywoVhWYA,zpqQv4iOLa9xKOVVHSpl-Q
250,jYnkJR3T8yCERXywoVhWYA,medyEUR367ee6vOyCJNQMw
251,jYnkJR3T8yCERXywoVhWYA,EtpCxP7RrK2S5K3rQZL3hA
252,jYnkJR3T8yCERXywoVhWYA,YLExs45PQ2M6Flmjir3sFQ
253,jYnkJR3T8yCERXywoVhWYA,e6iCOIhtupBCiw-VwBvJ4A
254,jYnkJR3T8yCERXywoVhWYA,MB7XBiV2Sewriw34xP7Qlg
255,jYnkJR3T8yCERXywoVhWYA,xOwAGKMV7OFQYEb46W6OXw
256,jYnkJR3T8yCERXywoVhWYA,ulKv4RvqvDRvqbstdY2aQQ
257,jYnkJR3T8yCERXywoVhWYA,6mYg8PDu6EJ1vikjKkmj3w
258,jYnkJR3T8yCERXywoVhWYA,Y6bVSBO_Ph6KlBU1Oo_J3A
259,jYnkJR3T8yCERXywoVhWYA,2p50wcLD1miyLKPOP2xqHQ
260,jYnkJR3T8yCERXywoVhWYA,aGsvXWjctthztY68G21OiA
261,jYnkJR3T8yCERXywoVhWYA,c1IGa_o7si33CDIv-L6wbw
262,jYnkJR3T8yCERXywoVhWYA,KK4d66rvmksrtAkis6XGqw
263,jYnkJR3T8yCERXywoVhWYA,ijiskRtiHkSz0aq91g90hw
264,jYnkJR3T8yCERXywoVhWYA,n77C6-mAZoKNu9_44ugFEQ
265,jYnkJR3T8yCERXywoVhWYA,Gc9mSOvUcA7BrMUh7h7naQ
266,jYnkJR3T8yCERXywoVhWYA,1ZIQ2C_EUSTZSyK-APFwvA
267,jYnkJR3T8yCERXywoVhWYA,ONtavYgpScFClzuTUVnRXA
268,jYnkJR3T8yCERXywoVhWYA,ExuBKYdzYSvnvQE5QwYjZw
269,jYnkJR3T8yCERXywoVhWYA,pusUMAm0_Y-oT5Rk93bj2w
270,jYnkJR3T8yCERXywoVhWYA,DCek5_94seyPdl4QGtlKmw
271,jYnkJR3T8yCERXywoVhWYA,c-kOt8fG1bx-JfYd0GRFFw
272,jYnkJR3T8yCERXywoVhWYA,YaQVD-VkxMzhBsW6b-n_Vw
273,jYnkJR3T8yCERXywoVhWYA,Ha9LtFuJlvMnE3YTXcHrrA
274,jYnkJR3T8yCERXywoVhWYA,tuP1LQoQtTOV_P95Gy9w0A
275,jYnkJR3T8yCERXywoVhWYA,3KG84QgF_5lzW1uDMJOghw
276,jYnkJR3T8yCERXywoVhWYA,veW3Uy_VjAK4Fmynwh-G_g
277,jYnkJR3T8yCERXywoVhWYA,qQnmIgx9utR29rS56Rgq-Q
278,jYnkJR3T8yCERXywoVhWYA,i9WwhhIv6dHZsmkmpDVDkA
279,jYnkJR3T8yCERXywoVhWYA,MnTGU42t9X8S6wJv05mzlw
280,jYnkJR3T8yCERXywoVhWYA,NefCtqzI3t0lnXGz9UDjgQ
281,jYnkJR3T8yCERXywoVhWYA,PcvbBOCOcs6_suRDH7TSTg
282,jYnkJR3T8yCERXywoVhWYA,d5zRPb1dUGNeoXBxmPY7VA
283,jYnkJR3T8yCERXywoVhWYA,sWv6uKChsDtB4s9H3DujQw
284,jYnkJR3T8yCERXywoVhWYA,dPYiMpx5AMuI0jeTITGsKg
285,jYnkJR3T8yCERXywoVhWYA,wnxS4J6XD3-YrLroQV0Ouw
286,jYnkJR3T8yCERXywoVhWYA,jdEXcBMtNYZ_-PzKZnI8qQ
287,jYnkJR3T8yCERXywoVhWYA,7D3yq3x-Dv5SbJ3vGIpJsQ
288,jYnkJR3T8yCERXywoVhWYA,xz762kpjXUwPajeZCEXbxQ
289,jYnkJR3T8yCERXywoVhWYA,PhwfmHJG1LXnddXdK6zbhQ
290,jYnkJR3T8yCERXywoVhWYA,7X3lImhKeTfyO0iXgiVUuw
291,jYnkJR3T8yCERXywoVhWYA,UOP2bUqlhL9aDSeVRgCjTg
292,jYnkJR3T8yCERXywoVhWYA,QIys2vlDprWvWKJp4JBBZQ
293,jYnkJR3T8yCERXywoVhWYA,fEgcv6HwG-nkqwr4W7uSiw
294,jYnkJR3T8yCERXywoVhWYA,DKnS5_NC9t9Y9ZsLxCiXDQ
295,jYnkJR3T8yCERXywoVhWYA,bwZUw2ABFwgztXzPio8yLg
296,jYnkJR3T8yCERXywoVhWYA,7nuPhTTp3Bv9X2NLZPsDEw
297,jYnkJR3T8yCERXywoVhWYA,5yD_YDdPP_UE28pu_cxbOQ
298,jYnkJR3T8yCERXywoVhWYA,jfDzpog_T21NMLac4JO_fA
299,jYnkJR3T8yCERXywoVhWYA,mk1TEqWCSMPT100EeXLuiA
300,jYnkJR3T8yCERXywoVhWYA,GStb0h5FzizgiWvral-zaQ
301,jYnkJR3T8yCERXywoVhWYA,ILA6b9FOlIlZI53N23LXPQ
302,jYnkJR3T8yCERXywoVhWYA,q75CUQzdvk2N1YcGL--kKg
303,jYnkJR3T8yCERXywoVhWYA,bL1w62zIAt-MOEIpeL30MQ
304,jYnkJR3T8yCERXywoVhWYA,QnsGDw5tfM1e7BmGjeplFg
305,jYnkJR3T8yCERXywoVhWYA,BWxMCD34Cgef2DR8rJz8Zw
306,jYnkJR3T8yCERXywoVhWYA,i28kp8Mx3KAgGYHe8TlsAA
307,jYnkJR3T8yCERXywoVhWYA,9J5warf8pd4AIFFjClzyZA
308,jYnkJR3T8yCERXywoVhWYA,DtJuu-ezUDi4mP_wdbDGXw
309,jYnkJR3T8yCERXywoVhWYA,4ujUS1ZizNFU1N7OewUuNQ
310,jYnkJR3T8yCERXywoVhWYA,JGYhs2HTzCRWiIDc4iX37w
311,jYnkJR3T8yCERXywoVhWYA,12Nu95iFFE1AayIFIRbWNw
312,jYnkJR3T8yCERXywoVhWYA,NwdKv-KBI7OxeWBdpIsfmA
313,jYnkJR3T8yCERXywoVhWYA,wLWVT3EMRgYSAWVNynHgJg
314,jYnkJR3T8yCERXywoVhWYA,werhtj6NysS7EEoYkwFKsw
315,jYnkJR3T8yCERXywoVhWYA,FUuYQyzWRBK7HvOAZ_s1sQ
316,jYnkJR3T8yCERXywoVhWYA,dMqLJy8J1a8VpOdcD3bpNw
317,jYnkJR3T8yCERXywoVhWYA,1_kItPCk4e-VtYUUg9iiKg
318,jYnkJR3T8yCERXywoVhWYA,R16IamdyEKHmjgGeRW_RZA
319,jYnkJR3T8yCERXywoVhWYA,itdkCTzLm6eIjEBlz4_Ysw
320,jYnkJR3T8yCERXywoVhWYA,RTT4Nua0c18673pt8LHfCA
321,jYnkJR3T8yCERXywoVhWYA,OkqWDEqIHYyN7QKSeKiZ8A
322,jYnkJR3T8yCERXywoVhWYA,WUTizWBgngFcNdVZwZLYJg
323,jYnkJR3T8yCERXywoVhWYA,KedbQJ4Ax1ZhCGG6vaL_mA
324,jYnkJR3T8yCERXywoVhWYA,DbH3pEiezWfHJJeqFFN3kg
325,jYnkJR3T8yCERXywoVhWYA,HlX9ui1cllC0fSUcsd5rfg
326,jYnkJR3T8yCERXywoVhWYA,d30seQvrukI7m_zF6xnB5Q
327,jYnkJR3T8yCERXywoVhWYA,kyu8XmdRqOUYCK5BWuvzHw
328,jYnkJR3T8yCERXywoVhWYA,gU843PPGS_S5VxS111BPrw
329,jYnkJR3T8yCERXywoVhWYA,Jv2YPjBe8MlzneyyRNBX9g
330,jYnkJR3T8yCERXywoVhWYA,v3O6ka--Gus4FfJvk4tgeg
331,jYnkJR3T8yCERXywoVhWYA,cQKMYxgv1VZ1eanb7RuTOg
332,jYnkJR3T8yCERXywoVhWYA,urMngjIG5D8Xde67j3AqSg
333,jYnkJR3T8yCERXywoVhWYA,qKaIYWKtFV-HglhyEYHiCw
334,jYnkJR3T8yCERXywoVhWYA,keDv6e99O6IjAEVRrQYCXw
335,jYnkJR3T8yCERXywoVhWYA,FDuoN8cpcI8y2DBIUoMn4A
336,jYnkJR3T8yCERXywoVhWYA,GyerAa1FjB8tzbaYS5DHxw
337,jYnkJR3T8yCERXywoVhWYA,rur8m29F4hCIHahcI_hVRg
338,jYnkJR3T8yCERXywoVhWYA,SCxM2dAT1vby-eDdOIRcrg
339,jYnkJR3T8yCERXywoVhWYA,cgLZMfixIeOMskVT_DG-Vg
340,jYnkJR3T8yCERXywoVhWYA,yNgFKgeqZlqa7E7aDVVwug
341,jYnkJR3T8yCERXywoVhWYA,MZCtRLrvYVeb67mu_4qmJA
342,jYnkJR3T8yCERXywoVhWYA,SeVCpoF59lyhZbS_QgokGg
343,jYnkJR3T8yCERXywoVhWYA,nWIbPo8flL2exTGgnq1kFQ
344,jYnkJR3T8yCERXywoVhWYA,f4DekkmSsrzG3xsgTZWpNw
345,jYnkJR3T8yCERXywoVhWYA,jpRFWQLrPnCQN5FThm7T4w
346,jYnkJR3T8yCERXywoVhWYA,6JPLsTTLC_PbpGOok-2vPg
347,jYnkJR3T8yCERXywoVhWYA,Gv8de4zfDSlWv5mMX6-5Iw
348,jYnkJR3T8yCERXywoVhWYA,3AJ0DM44yZF2wEYsauCzxg
349,jYnkJR3T8yCERXywoVhWYA,kKdQq0PAUYhjdeqpYy9DDw
350,jYnkJR3T8yCERXywoVhWYA,pY4gYV4MTYjhbRQgVOdgzw
351,jYnkJR3T8yCERXywoVhWYA,CnweCjeKquVM69hwD20PiA
352,jYnkJR3T8yCERXywoVhWYA,XVVylGn6B-gLcnx33ZinEQ
353,jYnkJR3T8yCERXywoVhWYA,50ZW-hlJLS2P8KhPHaUb3A
354,jYnkJR3T8yCERXywoVhWYA,AFSZUj0n4Ip7SkR55fqKYA
355,jYnkJR3T8yCERXywoVhWYA,_fcNSAsAmUkgBDeNR3HjLQ
356,jYnkJR3T8yCERXywoVhWYA,0UorZ4DbUbOHRPYCrBIVuA
357,jYnkJR3T8yCERXywoVhWYA,x09u-JslHobIbigUH2embw
358,jYnkJR3T8yCERXywoVhWYA,zxyrrMTcg7J5wEjNcMZe-Q
359,jYnkJR3T8yCERXywoVhWYA,VvEpuhYDzK2WLB6_fI0wiw
360,jYnkJR3T8yCERXywoVhWYA,XEQ-navOBxcqVUG7ECznng
361,jYnkJR3T8yCERXywoVhWYA,ctiOS-ctXFT53Qr-urdgSA
362,jYnkJR3T8yCERXywoVhWYA,uE2QOkUfhGcS_JaJtTihcw
363,jYnkJR3T8yCERXywoVhWYA,2MxSRdhGGE_OFxiwOa6MJg
364,jYnkJR3T8yCERXywoVhWYA,MuWbjxrFbRe-Q2XopA9jbg
365,jYnkJR3T8yCERXywoVhWYA,CMx6QMkOdISMHauo0_01Kw
366,jYnkJR3T8yCERXywoVhWYA,MEFFQMWgY_HwHsiXqneAmg
367,jYnkJR3T8yCERXywoVhWYA,H9CDh_DTZuwNwKJ4I2j_PA
368,jYnkJR3T8yCERXywoVhWYA,7bcqcIA5AxkuKm3HTZy3KA
369,jYnkJR3T8yCERXywoVhWYA,IyRWeRAdNzAW0ElK4mtP4A
370,jYnkJR3T8yCERXywoVhWYA,EWLy2zDf23tk9UjVWpM5qA
371,jYnkJR3T8yCERXywoVhWYA,dAhoBKucZQRvH32zThaqWw
372,jYnkJR3T8yCERXywoVhWYA,kQJCAryAbOfrX0YEfAYdKw
373,jYnkJR3T8yCERXywoVhWYA,ESFq49VT1B_17pXuaHjo4g
374,jYnkJR3T8yCERXywoVhWYA,qUUZjGCiac1HJ-3sRQlyYA
375,jYnkJR3T8yCERXywoVhWYA,aLVSgCZyFKsznVWgWLXIFg
376,jYnkJR3T8yCERXywoVhWYA,amzRAQz3Lwmj6DDhSjBTqg
377,jYnkJR3T8yCERXywoVhWYA,nuEqfP8cTtNOHpQszmPB4A
378,jYnkJR3T8yCERXywoVhWYA,RFp3SokSdMfp4v7H1Xxwyg
379,jYnkJR3T8yCERXywoVhWYA,KsejYNlHn-SIRzscyj61bg
380,jYnkJR3T8yCERXywoVhWYA,-E5UK5GHbm0wqvzjnelZpQ
381,jYnkJR3T8yCERXywoVhWYA,LP883AysBJqOAIzQnIvqnA
382,jYnkJR3T8yCERXywoVhWYA,KzM3xWMrKKaUOvT61jMVHA
383,jYnkJR3T8yCERXywoVhWYA,ZmEodldPnhcATYZ3_GitYg
384,jYnkJR3T8yCERXywoVhWYA,wHUtm6qJigHjaUQ0FMEtXQ
385,jYnkJR3T8yCERXywoVhWYA,M-Twq94ErAGBu8sBGFSgjQ
386,jYnkJR3T8yCERXywoVhWYA,NYJsOaLwM8M62mGU2093kg
387,jYnkJR3T8yCERXywoVhWYA,hNqsXsgJVSi4bDF9ZuB9LA
388,jYnkJR3T8yCERXywoVhWYA,yARkJnwiWqQCcj7FJekykA
389,jYnkJR3T8yCERXywoVhWYA,y55xsRfi8Nm2GUy_NBXngQ
390,jYnkJR3T8yCERXywoVhWYA,wejFVuSYYeMUsjknUEagSQ
391,jYnkJR3T8yCERXywoVhWYA,oMtOsVPgFCwlNuoG9ObdpQ
392,jYnkJR3T8yCERXywoVhWYA,fHZvRf1M0Yy45eUbph_9qQ
393,jYnkJR3T8yCERXywoVhWYA,k7NUYwXyUMOBBdoYCE2fvA
394,jYnkJR3T8yCERXywoVhWYA,f5_fgXqDhu-9xvAXUEe2Kw
395,jYnkJR3T8yCERXywoVhWYA,DilnrtPdCWQDa-B5_xo76g
396,jYnkJR3T8yCERXywoVhWYA,tBtqdCZiP7c05sLGJ9-0IA
397,jYnkJR3T8yCERXywoVhWYA,P-u_G_j9nli50KWe0l7pWw
398,jYnkJR3T8yCERXywoVhWYA,7tt0GESNpb8e0QzeT8o2TA
399,jYnkJR3T8yCERXywoVhWYA,iNh-BlDsk6PkHbcHzZ6_xw
400,jYnkJR3T8yCERXywoVhWYA,aRAEXdsdZshvpVFWl7ET5Q
401,jYnkJR3T8yCERXywoVhWYA,aKLvRXvvb-3TP6TkC2v4Xw
402,jYnkJR3T8yCERXywoVhWYA,8lrJHzUFvya5RZSYFne25A
403,jYnkJR3T8yCERXywoVhWYA,aEy43k3P3bLbArVSik2-Gg
404,jYnkJR3T8yCERXywoVhWYA,PGKf36-iWwBiUb9SFkBofg
405,jYnkJR3T8yCERXywoVhWYA,NTAvra_vBzE_osu-PY2OKQ
406,jYnkJR3T8yCERXywoVhWYA,BypPeNocSpIJ6lCN_djPQA
407,jYnkJR3T8yCERXywoVhWYA,3zn38b0FhirUpFY6dLGA1Q
408,jYnkJR3T8yCERXywoVhWYA,ztaxKl8RcTRyOTMEYbC8JQ
409,jYnkJR3T8yCERXywoVhWYA,pbInt8IO-oINljlZAuLGyg
410,jYnkJR3T8yCERXywoVhWYA,5NcCIdqOQ1AfylvmT-lqog
411,jYnkJR3T8yCERXywoVhWYA,ssUr8Ar5o3lzFvYPmcZnZA
412,jYnkJR3T8yCERXywoVhWYA,dMaL9zSAHUYd7cxD2lxveA
413,jYnkJR3T8yCERXywoVhWYA,C3gYiouzQCAzVElqzYzmEw
414,jYnkJR3T8yCERXywoVhWYA,K6HKJVxXzlwbASNmI61WLA
415,jYnkJR3T8yCERXywoVhWYA,UStKXLqnYWVABhdRDMwniA
416,jYnkJR3T8yCERXywoVhWYA,Q_dYZNhtGLhMuh-TaOfRew
417,jYnkJR3T8yCERXywoVhWYA,bX8zH6DMvwenG4n_2jszsw
418,fV8Yr0c5tFQTQ2SRRJHXHw,HDb4fBWIAQ-foS8qLJty9w
419,fV8Yr0c5tFQTQ2SRRJHXHw,x0hBZsmBTYxhjjx0MShz1A
420,fV8Yr0c5tFQTQ2SRRJHXHw,aHKuHxlRDouNwq_PDQPIAA
421,fV8Yr0c5tFQTQ2SRRJHXHw,HFk-5FLoZZkc1dzp8qD4rQ
422,fV8Yr0c5tFQTQ2SRRJHXHw,gxI_hk0mBzzF44wvsWpAxw
423,fV8Yr0c5tFQTQ2SRRJHXHw,V-FDjHqlPqj-q-qd9uqRDw
424,fV8Yr0c5tFQTQ2SRRJHXHw,zkTqDt3Ja-mPNdnxllasyQ
425,fV8Yr0c5tFQTQ2SRRJHXHw,iCi4uhijrODJAPqxc8QC1Q
426,fV8Yr0c5tFQTQ2SRRJHXHw,eW-IQGFyOcqg-aKuhxKf3g
427,fV8Yr0c5tFQTQ2SRRJHXHw,OKD8L-MfKn4b3x_uI6IM9w
428,fV8Yr0c5tFQTQ2SRRJHXHw,FkOmPLXOIhb6994LD389Rw
429,fV8Yr0c5tFQTQ2SRRJHXHw,UeF8hpU2rWEkTrZEXX6cYw
430,fV8Yr0c5tFQTQ2SRRJHXHw,PFBlZEfuSp9psgeGDcL-Ig
431,fV8Yr0c5tFQTQ2SRRJHXHw,6yOc1LYPlN9Yyg72eExXDw
432,fV8Yr0c5tFQTQ2SRRJHXHw,IaWIs4F3CG96s88e75lnsg
433,fV8Yr0c5tFQTQ2SRRJHXHw,2GTM8JVVA2ieEjoksXwIiw
434,fV8Yr0c5tFQTQ2SRRJHXHw,YCTe8Tec7xKuoJWNN6f9kw
435,fV8Yr0c5tFQTQ2SRRJHXHw,FuRswOr4mEEdMemFaBtuhw
436,fV8Yr0c5tFQTQ2SRRJHXHw,naCaTUmM66M4zBwxTPyuLQ
437,fV8Yr0c5tFQTQ2SRRJHXHw,9kgj54sYGd0qc5emszjpHA
438,fV8Yr0c5tFQTQ2SRRJHXHw,OfwexlagAvMI98XXlJ-tKQ
439,fV8Yr0c5tFQTQ2SRRJHXHw,ee8UZZ46It-IJFLffqR89A
440,fV8Yr0c5tFQTQ2SRRJHXHw,Jax-6YJH9NNXtfZKfcYtsw
441,fV8Yr0c5tFQTQ2SRRJHXHw,QrTpRdfzIzzD8SGOifT1fQ
442,fV8Yr0c5tFQTQ2SRRJHXHw,KSDFmshKwOKgbLwPFnefCw
443,fV8Yr0c5tFQTQ2SRRJHXHw,LdeIHrRrRKJuWk0lcrgB_Q
444,fV8Yr0c5tFQTQ2SRRJHXHw,IbakDPisx1lMOVvGAaJLuQ
445,fV8Yr0c5tFQTQ2SRRJHXHw,taWS4NErfihdenO4J8y8nA
446,fV8Yr0c5tFQTQ2SRRJHXHw,_5_AH8bJy3ODGLHFQVFj6Q
447,fV8Yr0c5tFQTQ2SRRJHXHw,7pR0I_uNJTuJiF9TjoZ-CQ
448,fV8Yr0c5tFQTQ2SRRJHXHw,Jeq6e3dtkxg9mt3vCcIW1A
449,fV8Yr0c5tFQTQ2SRRJHXHw,gkSVnU359c7Z9T1ZuWos6Q
450,fV8Yr0c5tFQTQ2SRRJHXHw,ExBHfeqfc9YUCPmjvhqRyQ
451,fV8Yr0c5tFQTQ2SRRJHXHw,WuqcpisXZH-4raE8j6IkYw
452,fV8Yr0c5tFQTQ2SRRJHXHw,SFARwTLV-XcJWjjQ-TXoXQ
453,fV8Yr0c5tFQTQ2SRRJHXHw,RTQlPtMr4zQKo_qvsY61sg
454,fV8Yr0c5tFQTQ2SRRJHXHw,iQ5EYUb_u7UrIAoy1NDp5g
455,fV8Yr0c5tFQTQ2SRRJHXHw,XFE4qVTXe-EVR-bXtrM-0w
456,fV8Yr0c5tFQTQ2SRRJHXHw,xbfFwxIVFLSKAgDZ-JIIuQ
457,fV8Yr0c5tFQTQ2SRRJHXHw,nnImk681KaRqUVHlSfZjGQ
458,fV8Yr0c5tFQTQ2SRRJHXHw,TsL6VXZPLzy_S3z_maTuPA
459,fV8Yr0c5tFQTQ2SRRJHXHw,VPDJt3irJNef_ljoKAaIYQ
460,fV8Yr0c5tFQTQ2SRRJHXHw,feAyBK3RQa_-EFpynrxckQ
461,fV8Yr0c5tFQTQ2SRRJHXHw,akatd9YVZm8oxDSZ3rwdsQ
462,fV8Yr0c5tFQTQ2SRRJHXHw,uAxT_ymDBlvSdnl91xgR6Q
463,fV8Yr0c5tFQTQ2SRRJHXHw,8c5amuvNyNZtk38FnGLyrg
464,fV8Yr0c5tFQTQ2SRRJHXHw,ynRkJSonX8Unc5-uk3cw1w
465,fV8Yr0c5tFQTQ2SRRJHXHw,dk9JnFW1Zyf6Smn6SLPwWQ
466,fV8Yr0c5tFQTQ2SRRJHXHw,wjdXpIX_8Elcb55bKR3mvg
467,fV8Yr0c5tFQTQ2SRRJHXHw,hnGyj2H9n7MGDIUrNcu46Q
468,fV8Yr0c5tFQTQ2SRRJHXHw,3QFTuR5OKc0I-Y6KZKl39g
469,fV8Yr0c5tFQTQ2SRRJHXHw,LOKBZJtkSb69X0UQ0rr_TA
470,fV8Yr0c5tFQTQ2SRRJHXHw,ndVIVZy3rp9q9mQnmi1nmg
471,fV8Yr0c5tFQTQ2SRRJHXHw,WV7qesZApo2P5kwJuXD0_w
472,fV8Yr0c5tFQTQ2SRRJHXHw,sfWnv6cXmYP0KCw6bvEJKw
473,fV8Yr0c5tFQTQ2SRRJHXHw,dwHfmDf-UHVqEbLusxD-rw
474,fV8Yr0c5tFQTQ2SRRJHXHw,-hnNjjn_vwI5z8KpLaivsw
475,fV8Yr0c5tFQTQ2SRRJHXHw,Uj2OIJk_4I0qKlUYJRPI8w
476,fV8Yr0c5tFQTQ2SRRJHXHw,RuzCCcrdGRpsRMDc3z7xZQ
477,fV8Yr0c5tFQTQ2SRRJHXHw,FUDSqooclM_WHlXx0PRugw
478,fV8Yr0c5tFQTQ2SRRJHXHw,SNyINzzouTZkdETQ62aZsg
479,fV8Yr0c5tFQTQ2SRRJHXHw,2zYxPvnBEc1bNNVLN-YYBw
480,fV8Yr0c5tFQTQ2SRRJHXHw,XzkaaiQKSBfEZi0vTdpFJQ
481,fV8Yr0c5tFQTQ2SRRJHXHw,j_ZwkxKCoV7iGyxxYaAEEg
482,fV8Yr0c5tFQTQ2SRRJHXHw,FCF3tllSLQCVR1S4whirDA
483,fV8Yr0c5tFQTQ2SRRJHXHw,wL08KSABN-K4TQzinEMrqw
484,fV8Yr0c5tFQTQ2SRRJHXHw,Wkw8Tk29rZtPQVwzIhA80A
485,fV8Yr0c5tFQTQ2SRRJHXHw,-HS0g1mV1ehbljOwT_5iNA
486,fV8Yr0c5tFQTQ2SRRJHXHw,pe42u7DcCH2QmI81NX-8qA
487,fV8Yr0c5tFQTQ2SRRJHXHw,I4v9jVVIreY0GvyTPsu3Jg
488,fV8Yr0c5tFQTQ2SRRJHXHw,uzQxsgonssCSoLwmSkodqg
489,fV8Yr0c5tFQTQ2SRRJHXHw,07yKZQEADmap1RL-PtJUKQ
490,fV8Yr0c5tFQTQ2SRRJHXHw,MSHLx8DN5TyBGnGskmasKA
491,fV8Yr0c5tFQTQ2SRRJHXHw,w9Woq1FIRFc0hv9oAheUQQ
492,fV8Yr0c5tFQTQ2SRRJHXHw,DGD1unPHR9o_fL_jqdNArQ
493,fV8Yr0c5tFQTQ2SRRJHXHw,_fXvtI0y3ccxFPCoTt6lSQ
494,fV8Yr0c5tFQTQ2SRRJHXHw,CSaWfOlprh5G556zxXA04w
495,fV8Yr0c5tFQTQ2SRRJHXHw,duihVwxxVm8iD1NVPwiWCA
496,fV8Yr0c5tFQTQ2SRRJHXHw,CpvWdB0N_yDNlzN0byKiCg
497,fV8Yr0c5tFQTQ2SRRJHXHw,kiSkQ27qVmKcHrusF0nFug
498,fV8Yr0c5tFQTQ2SRRJHXHw,7ZW5Jd-UBoi6nm7j3oRXTQ
499,fV8Yr0c5tFQTQ2SRRJHXHw,wlRaWEk-HqF6iCo34k_Vdw
500,fV8Yr0c5tFQTQ2SRRJHXHw,NmZEdK3ZdlSHHPYfZ-_yQQ
501,fV8Yr0c5tFQTQ2SRRJHXHw,yHsNSIqPZS38ub1Eo6CA8A
502,fV8Yr0c5tFQTQ2SRRJHXHw,WJzVPvXn3gC_W8RrItJRqQ
503,fV8Yr0c5tFQTQ2SRRJHXHw,HySBjJgHEx8eNCmDun5iSg
504,fV8Yr0c5tFQTQ2SRRJHXHw,_PjEqZApM2u8RpfNhPchhg
505,fV8Yr0c5tFQTQ2SRRJHXHw,-hpYNkCn-rd5hkyRUzl7CQ
506,fV8Yr0c5tFQTQ2SRRJHXHw,UTMBLQ7dbvmPIsO8tWe0-Q
507,fV8Yr0c5tFQTQ2SRRJHXHw,oBjZtEzDiNrVGzsJ_9VUXg
508,fV8Yr0c5tFQTQ2SRRJHXHw,jFxRKoa3Qciuhdb07eEGVA
509,fV8Yr0c5tFQTQ2SRRJHXHw,_QEQ5mR-iWETDpBPWUG0bA
510,fV8Yr0c5tFQTQ2SRRJHXHw,4tJqihMzIOq_xTmwtpxe6g
511,fV8Yr0c5tFQTQ2SRRJHXHw,gT31WLlMdbcJlHmHbOXT2A
512,fV8Yr0c5tFQTQ2SRRJHXHw,0YkyaFydLxdrt_l8sf-Xrw
513,fV8Yr0c5tFQTQ2SRRJHXHw,rbnLpwGyVenDUF0366SbBA
514,fV8Yr0c5tFQTQ2SRRJHXHw,Q503wfkVgYYRisTYSyWYww
515,fV8Yr0c5tFQTQ2SRRJHXHw,n4Y6wdh6om3QtIFlWakfDQ
516,fV8Yr0c5tFQTQ2SRRJHXHw,NoTb8c2eeU2vURulkKFXkg
517,fV8Yr0c5tFQTQ2SRRJHXHw,FJKkX37OMdgSkWHzrdYoYA
518,aw973Pm1nrTbRjP4zY9B9g,Cit5yho-DqotA0BnXHErTQ
519,aw973Pm1nrTbRjP4zY9B9g,bm2DqfP4P454FjEtCbZdkQ
520,aw973Pm1nrTbRjP4zY9B9g,xruy2cNpgz-x98-ACE_Q_A
521,aw973Pm1nrTbRjP4zY9B9g,Y6AnR_5l_RgdSM-GDsqRgA
522,aw973Pm1nrTbRjP4zY9B9g,1Ky883b87muXYlzlBpepgg
523,aw973Pm1nrTbRjP4zY9B9g,uNLaGbgcfaN4vlFyse9j5g
524,aw973Pm1nrTbRjP4zY9B9g,ImipV7VpdxeM7ucEnLvqjg
525,aw973Pm1nrTbRjP4zY9B9g,w16hgQetwgAllUNr10P9Kg
526,aw973Pm1nrTbRjP4zY9B9g,gejGrDsdw79VOJWMKp9Cbg
527,aw973Pm1nrTbRjP4zY9B9g,fmhTUB0WsfYXZg_Atz8bSQ
528,aw973Pm1nrTbRjP4zY9B9g,-RRimFSipVOZ-xfQEPvLzw
529,aw973Pm1nrTbRjP4zY9B9g,TdT1NWvONMaLjnxwYbeZHg
530,aw973Pm1nrTbRjP4zY9B9g,gC9yxjFC7eN1kN0xU-ryqw
531,aw973Pm1nrTbRjP4zY9B9g,EtBea-v-2JAvZdfg7XH7iA
532,aw973Pm1nrTbRjP4zY9B9g,m1p_9QzkD899UbJBw8eJjQ
533,aw973Pm1nrTbRjP4zY9B9g,Wd3mZ6A7kir0gVjhVRjTnA
534,aw973Pm1nrTbRjP4zY9B9g,9A0BjnrnYdEg4uRgfFhppw
535,aw973Pm1nrTbRjP4zY9B9g,S5sRpKBshe-Mrs1UL2KurQ
536,aw973Pm1nrTbRjP4zY9B9g,ZQkaeEO7emlU21q0KqEPBQ
537,aw973Pm1nrTbRjP4zY9B9g,Ed1z7VbBWWkwwZhY_KJOFw
538,aw973Pm1nrTbRjP4zY9B9g,6ZR7HuUpHk_NQNs0dT0oLg
539,aw973Pm1nrTbRjP4zY9B9g,dE9YaRaUtkDm-xJrW3BSPg
540,aw973Pm1nrTbRjP4zY9B9g,gjQ00L18PvAV450ZOfqYng
541,aw973Pm1nrTbRjP4zY9B9g,3FFjZg2Klrp8ORbCNOYQWA
542,aw973Pm1nrTbRjP4zY9B9g,e4CCD4D7iA4SCxryHNtzUQ
543,aw973Pm1nrTbRjP4zY9B9g,FLgpXs98f_Qe9AJW0oLSfg
544,aw973Pm1nrTbRjP4zY9B9g,2XDS3CqfNwgNuKAZKag-sw
545,aw973Pm1nrTbRjP4zY9B9g,3Kt2LoQVTfJ0raDTV9aF8Q
546,aw973Pm1nrTbRjP4zY9B9g,qnaEvCbs9SmLu852A22RWg
547,aw973Pm1nrTbRjP4zY9B9g,cPcStFGBlk-6lWWsttIfVQ
548,aw973Pm1nrTbRjP4zY9B9g,8_tiZTl5tSkZOfQ7K2K1FQ
549,aw973Pm1nrTbRjP4zY9B9g,Dd468V-ocBrbINHBNpBbiQ
550,aw973Pm1nrTbRjP4zY9B9g,henDqMyd5F1K6jBnHTrYqQ
551,aw973Pm1nrTbRjP4zY9B9g,buVMZSmWLwC0TF7-5zYAAA
552,aw973Pm1nrTbRjP4zY9B9g,_yaKBcvNQN-_T4IC9cTg_A
553,aw973Pm1nrTbRjP4zY9B9g,7wS68ArAYnc7BY2DGxaLLQ
554,aw973Pm1nrTbRjP4zY9B9g,OZRhAe-La1bX2xhLGJujVg
555,aw973Pm1nrTbRjP4zY9B9g,Y_tPAU6E4kMd9bXroGGaKg
556,aw973Pm1nrTbRjP4zY9B9g,suVuMvaGfRAfEtncIKx2GQ
557,aw973Pm1nrTbRjP4zY9B9g,ZuqRUfg4KLF9H4PYHFUS2w
558,aw973Pm1nrTbRjP4zY9B9g,_pMzR6yoPbU98t-NH8TZ3w
559,aw973Pm1nrTbRjP4zY9B9g,-SgfRZ2Yd6bmE4q6EAu7CA
560,aw973Pm1nrTbRjP4zY9B9g,4kUPaQE3H71TsOqxJpzxdA
561,aw973Pm1nrTbRjP4zY9B9g,6jkxmmbYsUXc5dRyEBh4lg
562,aw973Pm1nrTbRjP4zY9B9g,ppQpZMPEiPaaEasMy8Wf4w
563,aw973Pm1nrTbRjP4zY9B9g,1oywhk9P-Dvh1slY23GsbA
564,aw973Pm1nrTbRjP4zY9B9g,MUJ44YhlZ69KjiLZfYt6Lg
565,aw973Pm1nrTbRjP4zY9B9g,pecYyVMjqMxawD7Xz-t1jw
566,aw973Pm1nrTbRjP4zY9B9g,RkW6MCmc9NJliGsTo40CeA
567,aw973Pm1nrTbRjP4zY9B9g,KJXtd4CnD6trhlVRTJW4RA
568,aw973Pm1nrTbRjP4zY9B9g,b1yKGpLFa5FzNY41FKurbQ
569,aw973Pm1nrTbRjP4zY9B9g,Y3_BasfNNDLDGu4f2JPpvg
570,aw973Pm1nrTbRjP4zY9B9g,DYZ9B5sR4LyGXU0KHLNdHQ
571,aw973Pm1nrTbRjP4zY9B9g,ZdY3VTgSHaLgCfnRZEeosQ
572,aw973Pm1nrTbRjP4zY9B9g,gExQu9hMZD0lD9WC58omTQ
573,aw973Pm1nrTbRjP4zY9B9g,U-pkHFC07TLfMRq2HbQTtQ
574,aw973Pm1nrTbRjP4zY9B9g,XDHpi1Za6Ti_qOs_X8vM8g
575,aw973Pm1nrTbRjP4zY9B9g,QQ9TxdWsOxPcTfySVuQLjw
576,aw973Pm1nrTbRjP4zY9B9g,aTp1P-hgpI1bXnS-nN0bKw
577,aw973Pm1nrTbRjP4zY9B9g,GR0LcIIaPpqyMH5MCpPJJA
578,aw973Pm1nrTbRjP4zY9B9g,aOvHvpBxzHz60nZpcQymJA
579,aw973Pm1nrTbRjP4zY9B9g,Wd43YdZtztC169e2K_7jog
580,aw973Pm1nrTbRjP4zY9B9g,VcT_64wY1yb91Vfu4asqvw
581,aw973Pm1nrTbRjP4zY9B9g,4n0eMAeCSvWRl6an5Z8OGg
582,aw973Pm1nrTbRjP4zY9B9g,CYQNdjHCL9nedkLMfKLHmg
583,aw973Pm1nrTbRjP4zY9B9g,DAU63VKPCPwjlxqUJi0mEg
584,aw973Pm1nrTbRjP4zY9B9g,7cDAEEnwfSqG2Lv8Vanr3Q
585,aw973Pm1nrTbRjP4zY9B9g,d06Bj6YnQz0OThgaaLRdRQ
586,aw973Pm1nrTbRjP4zY9B9g,FrjgkqEMhFeAkBxjD_Lx5g
587,aw973Pm1nrTbRjP4zY9B9g,KRoCu_g3tiXhJANzo1J57A
588,aw973Pm1nrTbRjP4zY9B9g,uCpoTqScJg15LKIDXenbIA
589,aw973Pm1nrTbRjP4zY9B9g,oaEISy8gzI8KFmbY0cVmNQ
590,aw973Pm1nrTbRjP4zY9B9g,EltaWmMEXEzvKbmGMZ1FKA
591,aw973Pm1nrTbRjP4zY9B9g,0uPeuk27jdw2UGqbMSWe-Q
592,aw973Pm1nrTbRjP4zY9B9g,9r-WEZ3pd9Ue_mgPczbZ7w
593,aw973Pm1nrTbRjP4zY9B9g,sTj6cTG9xClrBhQNn8qJRA
594,aw973Pm1nrTbRjP4zY9B9g,x1paA3aUHJTurbtFkBSOGg
595,aw973Pm1nrTbRjP4zY9B9g,TMEg_Srg5VmWd4YbEVyqTQ
596,aw973Pm1nrTbRjP4zY9B9g,0cZaLvThOfuQa9spTMyv8g
597,aw973Pm1nrTbRjP4zY9B9g,OXYtOFX9xXukagW5Ku5dfg
598,aw973Pm1nrTbRjP4zY9B9g,5Ftb40mmwptuN-QGBfGXbA
599,aw973Pm1nrTbRjP4zY9B9g,OOJe5AlI3O7MAMqPEJpZWQ
600,aw973Pm1nrTbRjP4zY9B9g,mnrDsvKj1LfyNr5pxzzUmg
601,aw973Pm1nrTbRjP4zY9B9g,1wEWs-el7eauwbdbxGZk8Q
602,aw973Pm1nrTbRjP4zY9B9g,JwQ8oI5iXKaqfBgZSpm19Q
603,aw973Pm1nrTbRjP4zY9B9g,GkkXSqLoNnbTduSuYlz-oA
604,aw973Pm1nrTbRjP4zY9B9g,ygH3Bp6MZOkY-WBStnpkRg
605,aw973Pm1nrTbRjP4zY9B9g,tlWur9j2k5gpmuY91D5t6Q
606,aw973Pm1nrTbRjP4zY9B9g,Z5T4VAwlVBSir0eAuUKaVQ
607,aw973Pm1nrTbRjP4zY9B9g,I2-XmIv-IjmCpjMJ6uwY1A
608,aw973Pm1nrTbRjP4zY9B9g,8VJnUeQh8RRhNtbbPECaLw
609,aw973Pm1nrTbRjP4zY9B9g,TV5KY6-zSqyXnDKx2juIeA
610,aw973Pm1nrTbRjP4zY9B9g,Bw18f_vUTzL_GhI5YkkeSQ
611,aw973Pm1nrTbRjP4zY9B9g,tW8TT4KXyix0i0VA6jsI9g
612,aw973Pm1nrTbRjP4zY9B9g,MKgpIiuzs752BJjPeCW0cw
613,aw973Pm1nrTbRjP4zY9B9g,PJUIB97YoA6iF6-HHQMgOg
614,aw973Pm1nrTbRjP4zY9B9g,F_IGiz2IpljcuHiDPZUb_Q
615,aw973Pm1nrTbRjP4zY9B9g,8BV82epbcZs6JtUo7f9PlQ
616,aw973Pm1nrTbRjP4zY9B9g,cUAb17O-KMaP1M8HjtbPtA
617,aw973Pm1nrTbRjP4zY9B9g,MfknWfoPx2oilsyUK3kekA
618,aw973Pm1nrTbRjP4zY9B9g,h9oGTdr9uhNWQvu0iS7oDA
619,aw973Pm1nrTbRjP4zY9B9g,U2518Ly14sUarR6oGtevxA
620,aw973Pm1nrTbRjP4zY9B9g,lvqOZ8n7XAl8h88T3Y9R-A
621,aw973Pm1nrTbRjP4zY9B9g,wgmc7IyDyfMINtUCAPaqoQ
622,aw973Pm1nrTbRjP4zY9B9g,3yBusRwPYtMCpaBkEyhyJw
623,aw973Pm1nrTbRjP4zY9B9g,-zJKgPDHXsvRALeae1ctYQ
624,aw973Pm1nrTbRjP4zY9B9g,SsU9BmqDebTxj8it12kNlw
625,aw973Pm1nrTbRjP4zY9B9g,Gx9m-uVNSAua8KdVyiQfGA
626,aw973Pm1nrTbRjP4zY9B9g,U_wcc2TXMaKhTpjUuyxiKg
627,aw973Pm1nrTbRjP4zY9B9g,mC1L7k93BacI_XP33aeThw
628,aw973Pm1nrTbRjP4zY9B9g,2yZghjSHZ03n8rD7pZ8fvA
629,aw973Pm1nrTbRjP4zY9B9g,uTivCeeeBrFWewZEvGC27w
630,aw973Pm1nrTbRjP4zY9B9g,c6QndA-I8IB2LZbnyhhrvQ
631,aw973Pm1nrTbRjP4zY9B9g,P67OASTPpII5p0n8ZsGicQ
632,aw973Pm1nrTbRjP4zY9B9g,LMnJLT5CVqvGo4jS7wahSA
633,aw973Pm1nrTbRjP4zY9B9g,Jw__vRfnOSlIIwDPS_ddwA
634,aw973Pm1nrTbRjP4zY9B9g,7xadPF7GfcMfbJV6jLGGXQ
635,aw973Pm1nrTbRjP4zY9B9g,LRwRkjfxv8EWynwGL9NROA
636,aw973Pm1nrTbRjP4zY9B9g,i3coGBsgXjOGYZ4pfHysaw
637,aw973Pm1nrTbRjP4zY9B9g,WEG-2lGg0WRs2qt9tjRCZA
638,aw973Pm1nrTbRjP4zY9B9g,nUBZcA0zunWtR-WkyCgBOA
639,aw973Pm1nrTbRjP4zY9B9g,8HDveMXcAWYP2CuWPf7FGw
640,aw973Pm1nrTbRjP4zY9B9g,9YZV8W7IZe5ZXZp17xnjJQ
641,aw973Pm1nrTbRjP4zY9B9g,OmQIIWHbGorYuHq-rZSjww
642,aw973Pm1nrTbRjP4zY9B9g,sTW0gS1reTlPhrZYCDKH7A
643,aw973Pm1nrTbRjP4zY9B9g,MKqv8jfab89t4KK-SAECSw
644,aw973Pm1nrTbRjP4zY9B9g,-z0TEVb3YpYbKpXZmJS0oQ
645,aw973Pm1nrTbRjP4zY9B9g,R1YI4LGoDGMvxxEJRUl8lA
646,aw973Pm1nrTbRjP4zY9B9g,Ma_gwnVShENgTuhHNpAvyQ
647,aw973Pm1nrTbRjP4zY9B9g,BjtJ3VkMOxV2Lan037AFuw
648,aw973Pm1nrTbRjP4zY9B9g,Mq8wg-due_2WQApW8GkSvQ
649,aw973Pm1nrTbRjP4zY9B9g,DQIh6k1qAPz5hOVM4iGOnQ
650,aw973Pm1nrTbRjP4zY9B9g,BvrB7UyjWmA-kBKptQn6NQ
651,aw973Pm1nrTbRjP4zY9B9g,_OHaoJFgB9-Nf05Y_IeabQ
652,aw973Pm1nrTbRjP4zY9B9g,Swzv-yUQkecpkiXBJu4mww
653,aw973Pm1nrTbRjP4zY9B9g,qGDvXBf2BFswRBa-AfzJiA
654,aw973Pm1nrTbRjP4zY9B9g,eOO3PRmLIuaQyhaOeJgSMQ
655,aw973Pm1nrTbRjP4zY9B9g,DTEa4cIRdr6T4jaIw1xubg
656,aw973Pm1nrTbRjP4zY9B9g,-r48DjK82rsDovIZT38MUw
657,aw973Pm1nrTbRjP4zY9B9g,W4SVZz55F8_9vWoau1iWDQ
658,aw973Pm1nrTbRjP4zY9B9g,h2rWKBzMpSrvASMgGds4uQ
659,aw973Pm1nrTbRjP4zY9B9g,1aek7k4C4Q1yvs6QabZKww
660,aw973Pm1nrTbRjP4zY9B9g,4AmLaW3wvhY6BSD8ZN7gYQ
661,aw973Pm1nrTbRjP4zY9B9g,I-DTpIFtlKcw77NSgNyIRA
662,aw973Pm1nrTbRjP4zY9B9g,zgB_HzSDhQU2PkrAyw-zug
663,aw973Pm1nrTbRjP4zY9B9g,TBEiWGQoVXCq5sYuOzeBkw
664,aw973Pm1nrTbRjP4zY9B9g,EBvMDMZR-95B_Ov2srhtrw
665,aw973Pm1nrTbRjP4zY9B9g,p9TaVst1WUJNrKe3b6zKvQ
666,aw973Pm1nrTbRjP4zY9B9g,OS2LGISkzN0ClTCQmq18GQ
667,aw973Pm1nrTbRjP4zY9B9g,WkpWldKTNfOh_dSDRRroBw
668,aw973Pm1nrTbRjP4zY9B9g,WO1LKULyWLzl5wpIxUQhrA
669,aw973Pm1nrTbRjP4zY9B9g,ReOQIiMmlKHZbHHXjOcsTw
670,aw973Pm1nrTbRjP4zY9B9g,3S0y_Z2Y591H2A072gYPjA
671,aw973Pm1nrTbRjP4zY9B9g,1_ebb-5oHlLrwNRHMSU-nQ
672,aw973Pm1nrTbRjP4zY9B9g,djxnI8Ux8ZYQJhiOQkrRhA
673,aw973Pm1nrTbRjP4zY9B9g,EL7s606hrQlzu13jD6cxUA
674,aw973Pm1nrTbRjP4zY9B9g,jrMxBHW3SlUGVGYWvPsHWA
675,aw973Pm1nrTbRjP4zY9B9g,8jvpsHAbJLRCOWGppp0_0g
676,aw973Pm1nrTbRjP4zY9B9g,pGttXtW6dvnh6Zc7Vr_3tQ
677,aw973Pm1nrTbRjP4zY9B9g,argaX4ADH_Wczq2ZUPYLNw
678,aw973Pm1nrTbRjP4zY9B9g,Dj77pkw_EZJvR-F4RIf_BQ
679,aw973Pm1nrTbRjP4zY9B9g,MNLPwQUL2ua0XjXtD6AuEw
680,aw973Pm1nrTbRjP4zY9B9g,EOLuDCK8sTRg4hsnN8maPA
681,aw973Pm1nrTbRjP4zY9B9g,43NOu7ggRo4o6YyxoqKukA
682,aw973Pm1nrTbRjP4zY9B9g,LvlPwSyinEyE9QjcM-t1FQ
683,aw973Pm1nrTbRjP4zY9B9g,XuseBG1gQ4hT0Qbzykq08Q
684,aw973Pm1nrTbRjP4zY9B9g,vj-71bWcddq5l-FEkThVbw
685,aw973Pm1nrTbRjP4zY9B9g,mrO2R1Uc_DmKKEtH2VTNDg
686,aw973Pm1nrTbRjP4zY9B9g,4MHFQcFfHzVe4ISx3lvHlw
687,aw973Pm1nrTbRjP4zY9B9g,Ki8aCZkZ3G6uce-2duu1cw
688,aw973Pm1nrTbRjP4zY9B9g,i5o9heILJtx3Yrwm-BdviQ
689,aw973Pm1nrTbRjP4zY9B9g,ghGiL52X6udHMxWgvKjRig
690,aw973Pm1nrTbRjP4zY9B9g,Wh2Y4k8MPPvBAGoRu4WCNw
691,aw973Pm1nrTbRjP4zY9B9g,TNDp-pa7IHl8SlssQxE-5A
692,aw973Pm1nrTbRjP4zY9B9g,EiwxlbR8fb68lMgEXhcWKA
693,aw973Pm1nrTbRjP4zY9B9g,5-dGV2Ci9S-gSUc__GIyvQ
694,aw973Pm1nrTbRjP4zY9B9g,twOt9KvipEAz9X1--_jDMA
695,aw973Pm1nrTbRjP4zY9B9g,41c6fz5pf2YzTDBpUdqzAw
696,aw973Pm1nrTbRjP4zY9B9g,Emv95IbnE4TqHuXJyi_EHQ
697,aw973Pm1nrTbRjP4zY9B9g,vMAeu0CCKDeb6zRjAuf1MA
698,aw973Pm1nrTbRjP4zY9B9g,t7R2npYmGrKTCsycALT4Iw
699,aw973Pm1nrTbRjP4zY9B9g,ClvfOUUXUyXpecRa6YsDUA
700,aw973Pm1nrTbRjP4zY9B9g,SVL1Oir45owS_oKg-ylqfw
701,aw973Pm1nrTbRjP4zY9B9g,tyABhNSjpShd190BLKF1PA
702,aw973Pm1nrTbRjP4zY9B9g,rD1-riyyv6GqTqjZZwqgHA
703,aw973Pm1nrTbRjP4zY9B9g,ZKdNk5RYb9ZgYYIS01FUrw
704,aw973Pm1nrTbRjP4zY9B9g,iIFkCL_89t9bWWAOVvhG8g
705,aw973Pm1nrTbRjP4zY9B9g,tio5S4P1afk3zP1F5SYbdw
706,aw973Pm1nrTbRjP4zY9B9g,oNv22da6dEEq2w2gStsGug
707,aw973Pm1nrTbRjP4zY9B9g,3EIc7WAoiojTFdy3TGOMfQ
708,aw973Pm1nrTbRjP4zY9B9g,GaGMN2prMUDY7Z8yGPsc9g
709,aw973Pm1nrTbRjP4zY9B9g,hej8cSqmK5Ooi_ZGCgwrHw
710,aw973Pm1nrTbRjP4zY9B9g,HYTk31SozAd2ieDIqPC5cg
711,aw973Pm1nrTbRjP4zY9B9g,a699W_uzM2CUteHZqpDeLg
712,aw973Pm1nrTbRjP4zY9B9g,t4_9-iGmx6JvONrCUdmF1A
713,aw973Pm1nrTbRjP4zY9B9g,YG5EroFMYByZODecz3U_kQ
714,aw973Pm1nrTbRjP4zY9B9g,qeqscJwLj21PPu48Zv0szw
715,aw973Pm1nrTbRjP4zY9B9g,9YzE6ybg4Trnsd4kkXWEnQ
716,aw973Pm1nrTbRjP4zY9B9g,sd4E5iKUZotDEeiF3cC81Q
717,aw973Pm1nrTbRjP4zY9B9g,HYQoxBC1y1DGPq6pGP09Tw
718,aw973Pm1nrTbRjP4zY9B9g,fgUJTSMFbWbm2GBqsANKRg
719,aw973Pm1nrTbRjP4zY9B9g,65qLn7t_qDoT0lB7oe8zpg
720,aw973Pm1nrTbRjP4zY9B9g,k_VpB5MQhiGZg2EpUMMILA
721,aw973Pm1nrTbRjP4zY9B9g,gUAjHUCuZZzuy906CBFAGA
722,aw973Pm1nrTbRjP4zY9B9g,axNHjLGaj_aFtx-yS0q_Dg
723,aw973Pm1nrTbRjP4zY9B9g,Q-1mnNFpKNbSta3sF7W7wA
724,aw973Pm1nrTbRjP4zY9B9g,zM4m1xu-6ewaga_GFB-B1g
725,aw973Pm1nrTbRjP4zY9B9g,naGbDsV0L4ZwwmwfU1I-Qw
726,aw973Pm1nrTbRjP4zY9B9g,c8LU5Bpc12iT3hO-n7Tigw
727,aw973Pm1nrTbRjP4zY9B9g,V0-zmQku1uWNkHeoXLHanw
728,aw973Pm1nrTbRjP4zY9B9g,RMRVRXD-18xUEDVt_hp1HQ
729,aw973Pm1nrTbRjP4zY9B9g,TWobfs5CwJP5Be_GH3IxWQ
730,aw973Pm1nrTbRjP4zY9B9g,v66ek6-aC-UvNGlVQ-eB2w
731,aw973Pm1nrTbRjP4zY9B9g,SS-KctoEXVw16z1s4RIYmA
732,aw973Pm1nrTbRjP4zY9B9g,YBYMLaUJNaST5TD6OUBr4g
733,aw973Pm1nrTbRjP4zY9B9g,nkMPAu6jdq4RZy-gEc--dA
734,aw973Pm1nrTbRjP4zY9B9g,H1VbLkqs6Uu_vFaTvLYyHQ
735,aw973Pm1nrTbRjP4zY9B9g,08gMkDtib8IIWpDUjD40zg
736,aw973Pm1nrTbRjP4zY9B9g,c7Kc_2h714LIwYiUC6J49w
737,aw973Pm1nrTbRjP4zY9B9g,20Nk-sl8WFYmMwvtVnBBrg
738,aw973Pm1nrTbRjP4zY9B9g,49su1Md2-kK1kvQwVkcHrQ
739,aw973Pm1nrTbRjP4zY9B9g,h8pthOnqCxV94D8-JkZXCQ
740,aw973Pm1nrTbRjP4zY9B9g,HURurSdjR3HqcVxRBJfEZQ
741,aw973Pm1nrTbRjP4zY9B9g,CpxD4u2gMO_Gf44zSsxoLg
742,aw973Pm1nrTbRjP4zY9B9g,j-TMFJyTMhR-3njtS-SsLA
743,aw973Pm1nrTbRjP4zY9B9g,xnpw6YZJ96_LNrRmhKCiZQ
744,aw973Pm1nrTbRjP4zY9B9g,LvL7XDgnMYkv9WTo7XMbUw
745,aw973Pm1nrTbRjP4zY9B9g,Abw9Bx-bI2HFG9QRKFntkw
746,aw973Pm1nrTbRjP4zY9B9g,v8TuvJ6b4215Qp84oSuYZQ
747,aw973Pm1nrTbRjP4zY9B9g,Yqth7-wYhvF5q_hQaHGenQ
748,aw973Pm1nrTbRjP4zY9B9g,BbBzub67X5sAHHTEtk2GAA
749,aw973Pm1nrTbRjP4zY9B9g,Jw0zJgMDnKp9qrgKAcZWPQ
750,aw973Pm1nrTbRjP4zY9B9g,WzudBEFeQnWl40asMb23yA
751,aw973Pm1nrTbRjP4zY9B9g,c4ODXwFL0tKdP0BkdcyE7g
752,aw973Pm1nrTbRjP4zY9B9g,s84pefAbuXnkGXLGHDLDYA
753,aw973Pm1nrTbRjP4zY9B9g,HeEq3WocDssVr0DgkcR-jQ
754,aw973Pm1nrTbRjP4zY9B9g,LHkV0SN4B2vEkv4-_Zyy8A
755,aw973Pm1nrTbRjP4zY9B9g,NgX6wFfGP8i8QZZwIZhZbw
756,aw973Pm1nrTbRjP4zY9B9g,EeqjGQlkP0jrgki01crnMg
757,aw973Pm1nrTbRjP4zY9B9g,z0HiuDcai8S-2oPV9J9sIA
758,aw973Pm1nrTbRjP4zY9B9g,iA_pVvHRqREXX3s57ganLQ
759,aw973Pm1nrTbRjP4zY9B9g,RXHuqqw59JFsk1MKqiwrWQ
760,aw973Pm1nrTbRjP4zY9B9g,BuJ5jIftTQdtW_5WlzVG2A
761,aw973Pm1nrTbRjP4zY9B9g,MTHBsAYN26j0KimqRKTa1A
762,aw973Pm1nrTbRjP4zY9B9g,w4zEoLWtxoelX7Do9uaStg
763,aw973Pm1nrTbRjP4zY9B9g,CSfjaTVpxugpRNEd0RtsxQ
764,aw973Pm1nrTbRjP4zY9B9g,vzI2SuBs80g1chJ-G73J-w
765,aw973Pm1nrTbRjP4zY9B9g,TyleftyvzMsWbpluyuSZjQ
766,aw973Pm1nrTbRjP4zY9B9g,gFeitEePLasRwXKaINN6_Q
767,aw973Pm1nrTbRjP4zY9B9g,bV2T0p3sD811XnZEIOQnag
768,aw973Pm1nrTbRjP4zY9B9g,wvDQ3XhP4lt4RnljLNNudQ
769,aw973Pm1nrTbRjP4zY9B9g,97kNLwiDqDOO_hO-V0sptA
770,aw973Pm1nrTbRjP4zY9B9g,LEpuE12HSZDsKhHbki2stA
771,aw973Pm1nrTbRjP4zY9B9g,0nOIH8qIMnmZdLCTemnRsw
772,aw973Pm1nrTbRjP4zY9B9g,WWnhqRnWWjutMqh-2SzEuQ
773,aw973Pm1nrTbRjP4zY9B9g,unO1Py4QD_Pjo7guhRB6gQ
774,aw973Pm1nrTbRjP4zY9B9g,_a2rbBoIF2Ur4hqZ2KtNeg
775,aw973Pm1nrTbRjP4zY9B9g,4eR6hYFJcBHoAqhuOS07ww
776,aw973Pm1nrTbRjP4zY9B9g,uQ6GQ6Vppl43W6ZSiTj7cg
777,aw973Pm1nrTbRjP4zY9B9g,gmIdn5C2NhG5pqqxULFjpQ
778,aw973Pm1nrTbRjP4zY9B9g,zR1hSWEJXRNPFuduTBBZHA
779,aw973Pm1nrTbRjP4zY9B9g,7vZ4ttCH6S34T3x2ywdBlA
780,aw973Pm1nrTbRjP4zY9B9g,K_8cmdRj4gpzwANwVvf6fA
781,aw973Pm1nrTbRjP4zY9B9g,F_5_UNX-wrAFCXuAkBZRDw
782,aw973Pm1nrTbRjP4zY9B9g,taU-uxYwYs3nywMkVm3ELQ
783,aw973Pm1nrTbRjP4zY9B9g,QdKGcgPOOIiWVoknBEuFUQ
784,aw973Pm1nrTbRjP4zY9B9g,Hxh8sM1kzFIz_5ofv1ZM7g
785,aw973Pm1nrTbRjP4zY9B9g,Xb3iIj4I-tHMe6TVWN5L5g
786,aw973Pm1nrTbRjP4zY9B9g,NAQ_mjZZaDqVsAgU4fkh6Q
787,aw973Pm1nrTbRjP4zY9B9g,_aSs5dSAabuwnXUGBPzASw
788,aw973Pm1nrTbRjP4zY9B9g,u_tsaDmAgGnmOUGdbA2tNg
789,aw973Pm1nrTbRjP4zY9B9g,eI374ocr96npSpwZmQrNyw
790,aw973Pm1nrTbRjP4zY9B9g,9CxTjD-qO7QMGCBc-4HC4A
791,aw973Pm1nrTbRjP4zY9B9g,NaE6ma3bmm-gkQL2pf8pVw
792,aw973Pm1nrTbRjP4zY9B9g,9Nr3-K19_TL5vmPOaqO7RA
793,aw973Pm1nrTbRjP4zY9B9g,IUilHGdHxziHYpiNkmQ6sA
794,aw973Pm1nrTbRjP4zY9B9g,Fv8pA4FdvJSoXoUAwHKkLQ
795,aw973Pm1nrTbRjP4zY9B9g,drL4C3q-v9eRKyYU54ABiQ
796,aw973Pm1nrTbRjP4zY9B9g,gnoIkKGFEtaAAbFIBxc5TQ
797,aw973Pm1nrTbRjP4zY9B9g,8Aq_UdlsrjhBwGWb_U-xRA
798,aw973Pm1nrTbRjP4zY9B9g,beTVdIu7UGlPE2De4_zs6A
799,aw973Pm1nrTbRjP4zY9B9g,Dc43j8jCChaPZq8o3L5jQw
800,aw973Pm1nrTbRjP4zY9B9g,dWUpHH4b4cScT2ymMaoEGg
801,aw973Pm1nrTbRjP4zY9B9g,yGHP5LUQe73kOvYQZF6Dqg
802,aw973Pm1nrTbRjP4zY9B9g,mgAQk8xaf0uzqSjdz7IBXQ
803,aw973Pm1nrTbRjP4zY9B9g,_Oh_YYX6_HVhSRnCdeQGAw
804,aw973Pm1nrTbRjP4zY9B9g,Rs5OAD8I3Fp4G-j5IN05SQ
805,aw973Pm1nrTbRjP4zY9B9g,6zr43bKAuC_NUYOoqlJCBw
806,aw973Pm1nrTbRjP4zY9B9g,wQXRDOf7Wnu6K1cKO_bjzg
807,aw973Pm1nrTbRjP4zY9B9g,78raDX8_mwfSilx2QIjcAA
808,aw973Pm1nrTbRjP4zY9B9g,nmqX1cxPOYHwql5e4U9LuA
809,aw973Pm1nrTbRjP4zY9B9g,B5gJUGCkRffd4zDfc5IWZg
810,aw973Pm1nrTbRjP4zY9B9g,ShN97yxHps7ex_XHuc93iw
811,aw973Pm1nrTbRjP4zY9B9g,v6Pbcy6I5kDb-uk2Ychvgw
812,aw973Pm1nrTbRjP4zY9B9g,iuKdlVt549hc2Kd9_tYepg
813,aw973Pm1nrTbRjP4zY9B9g,d3-ScnCgjkks04FjfPwTJw
814,aw973Pm1nrTbRjP4zY9B9g,205YvQhP0Jdgdwq6sGsrWA
815,aw973Pm1nrTbRjP4zY9B9g,iMeBJHaZXd5M2pt37dHmTw
816,aw973Pm1nrTbRjP4zY9B9g,qUGMYSGV24KD8QFCdGGIlQ
817,aw973Pm1nrTbRjP4zY9B9g,XnClYmLG2mBcha2JaeMB4w
818,aw973Pm1nrTbRjP4zY9B9g,1Px8_etTU-O0NTBLemwDJA
819,aw973Pm1nrTbRjP4zY9B9g,t_7ngdXz_NgOxbPC0e0xoA
820,aw973Pm1nrTbRjP4zY9B9g,ilU2YC2DbzoxMUNjEZSpMA
821,aw973Pm1nrTbRjP4zY9B9g,zsF1HD0f8mG6WmD2T6YGnQ
822,aw973Pm1nrTbRjP4zY9B9g,rEyssFWviRUZRw_-I64NGQ
823,aw973Pm1nrTbRjP4zY9B9g,NR6Y46Ni2JjQcj4vDbqKUA
824,aw973Pm1nrTbRjP4zY9B9g,LX0yWiLXHBOfvCmUogmK-g
825,aw973Pm1nrTbRjP4zY9B9g,94GWGN4tBj3UQnegEDQIXQ
826,aw973Pm1nrTbRjP4zY9B9g,hx0YV9Jijd54jGUnYQdlfA
827,aw973Pm1nrTbRjP4zY9B9g,P5jw8VdVSFb1oWY9UyqcWA
828,aw973Pm1nrTbRjP4zY9B9g,5G7SuKXxeVPXC1_AiqM8vQ
829,aw973Pm1nrTbRjP4zY9B9g,NY-BrGS1UUhBHnL2HlD-nw
830,aw973Pm1nrTbRjP4zY9B9g,tK20A6WYj9CeqUI-dJbEIg
831,aw973Pm1nrTbRjP4zY9B9g,JEpGg5Abvq02QskO_dQDug
832,aw973Pm1nrTbRjP4zY9B9g,Tq6D_IwLwj_AfuCS4igq_w
833,aw973Pm1nrTbRjP4zY9B9g,sl-LXAhDMIfRLPYLTcBRaQ
834,aw973Pm1nrTbRjP4zY9B9g,74-QP_tkLrttRM9pUNrLiA
835,aw973Pm1nrTbRjP4zY9B9g,4w1MaiQc_wVcCymCC9O7rw
836,aw973Pm1nrTbRjP4zY9B9g,PuTLsJ1S_rg3zQGXRjvAMw
837,aw973Pm1nrTbRjP4zY9B9g,oyarlhGULfEvBujSbkHyUw
838,aw973Pm1nrTbRjP4zY9B9g,D2j2lT03Wb7Y1tUvWc_q_A
839,aw973Pm1nrTbRjP4zY9B9g,0B5zsxsq3CutuLVdcR4TJw
840,aw973Pm1nrTbRjP4zY9B9g,KUmin6YNvQZVdrhVED7GAQ
841,aw973Pm1nrTbRjP4zY9B9g,McDOL2jwi-llUunfk_dlFA
842,aw973Pm1nrTbRjP4zY9B9g,rL4UqI9oJqqdr8uwlhv3dw
843,aw973Pm1nrTbRjP4zY9B9g,86q1YWhJT7HFBRoCSXI72g
844,aw973Pm1nrTbRjP4zY9B9g,zZha2AcC31exjvxun055PA
845,aw973Pm1nrTbRjP4zY9B9g,S72WLoB1SUdLm0SBmp2law
846,aw973Pm1nrTbRjP4zY9B9g,8onBcSo9aSC6hUYeZJSAUA
847,aw973Pm1nrTbRjP4zY9B9g,T16FVXn61_y_-wJanVq6Dg
848,aw973Pm1nrTbRjP4zY9B9g,nK_aZKxrVIIgehcMgGcRRA
849,aw973Pm1nrTbRjP4zY9B9g,3X1jq9bEOppZi91ti21_Xw
850,pzpbr9mlagHhDRdin8DvPQ,PZbPhdy0_08tHprIJiZ4uw
851,pzpbr9mlagHhDRdin8DvPQ,i4dhajw93ZDmIa89n6-w9w
852,pzpbr9mlagHhDRdin8DvPQ,KyGnYa6biPYN0Ez8r_dcDg
853,pzpbr9mlagHhDRdin8DvPQ,2JwnPWhd5MloTtA7pKUnPA
854,pzpbr9mlagHhDRdin8DvPQ,JHwfzhZE66yCnXFEX-8-pQ
855,pzpbr9mlagHhDRdin8DvPQ,PuTvg0qtUoPbsxLb6Kycgw
856,pzpbr9mlagHhDRdin8DvPQ,UqFGZB8aR4pDM2vwj-NVFQ
857,pzpbr9mlagHhDRdin8DvPQ,U_4JS979X_B-N6Q8rMoQSg
858,pzpbr9mlagHhDRdin8DvPQ,uYnkiXOKzXnfJ0qHMc5q1A
859,pzpbr9mlagHhDRdin8DvPQ,GOByC6q6RCCKsLeRfb9tXg
860,pzpbr9mlagHhDRdin8DvPQ,Sgz4l-2H4zVLuAp3W-izTw
861,pzpbr9mlagHhDRdin8DvPQ,_i6WumhVRRzKRCxDw9EX1g
862,pzpbr9mlagHhDRdin8DvPQ,eXJwUDuUhN_lmlt6h3OR0Q
863,pzpbr9mlagHhDRdin8DvPQ,AfmKiZxURG7SQ9nSDSALqQ
864,pzpbr9mlagHhDRdin8DvPQ,Q-dy5IuiAdKqLrtVhuB0ww
865,pzpbr9mlagHhDRdin8DvPQ,xfIuJuU4QdeLavhLDRcebA
866,pzpbr9mlagHhDRdin8DvPQ,NbjZKsMFKA5zQtaAKyIZmA
867,pzpbr9mlagHhDRdin8DvPQ,1K--_FT-3YSTmsey4BZ34A
868,pzpbr9mlagHhDRdin8DvPQ,OAvCdAiq3twMgv95UhcrcA
869,pzpbr9mlagHhDRdin8DvPQ,2fMInCIsKFBt71gsCxtAZQ
870,pzpbr9mlagHhDRdin8DvPQ,OEsReZhvTuBajv-Mu06zRg
871,pzpbr9mlagHhDRdin8DvPQ,ZAiUoWVLxxde8M4QBUMTCQ
872,pzpbr9mlagHhDRdin8DvPQ,LOysemXyi_rfgvye7n_pWw
873,pzpbr9mlagHhDRdin8DvPQ,BLqPXTcW5z3sWFv5C6m67A
874,pzpbr9mlagHhDRdin8DvPQ,BizoZyaGWq-GEXCDaIdNSA
875,pzpbr9mlagHhDRdin8DvPQ,nv9VMDvZECiyQGthQLkUrA
876,pzpbr9mlagHhDRdin8DvPQ,ESlvCrOr8e5ziS5NHIF0Rg
877,pzpbr9mlagHhDRdin8DvPQ,00fpwRLi_gfJeaBObrOcBA
878,pzpbr9mlagHhDRdin8DvPQ,PDgwNEsnvNo2yFVq2LCWUQ
879,pzpbr9mlagHhDRdin8DvPQ,i09BV4nNXBK15Hwuiqm32A
880,pzpbr9mlagHhDRdin8DvPQ,YkzF97d2LV43vpkhRyUeGA
881,pzpbr9mlagHhDRdin8DvPQ,wL_Ff4OYglKOg58WaRtBuw
882,pzpbr9mlagHhDRdin8DvPQ,QeipsG5GLJqs7RWV_cmO0A
883,pzpbr9mlagHhDRdin8DvPQ,FDgwBC43zd4eWNlfSdhZNA
884,pzpbr9mlagHhDRdin8DvPQ,WixAShl-NKWRfun0WQkx6w
885,pzpbr9mlagHhDRdin8DvPQ,Zl_JZhkKK29OljP5Hl_JFA
886,pzpbr9mlagHhDRdin8DvPQ,cXXTctsJKz7PzaVL-CVk1g
887,pzpbr9mlagHhDRdin8DvPQ,KJsqAM-XcyHjdIztq_Vnkg
888,pzpbr9mlagHhDRdin8DvPQ,TgeJt_4reN9BMw5JGmaTSQ
889,pzpbr9mlagHhDRdin8DvPQ,FjokSaULfBU9zrt9q0qSmA
890,pzpbr9mlagHhDRdin8DvPQ,uVICa56UifkomduUflUjsw
891,pzpbr9mlagHhDRdin8DvPQ,fe299uDIUqgsY_BIzp0fmg
892,pzpbr9mlagHhDRdin8DvPQ,AEZj2axEeiAMrdKQke9YIw
893,pzpbr9mlagHhDRdin8DvPQ,F-ypbf06PA63pod_L4mTcg
894,pzpbr9mlagHhDRdin8DvPQ,IfkBY9HaLtgclXEIjTKnQQ
895,pzpbr9mlagHhDRdin8DvPQ,RvCfBKXaWF_ITt58NOyUJw
896,pzpbr9mlagHhDRdin8DvPQ,J44wj6tDQkJjhb4iDfjzWA
897,pzpbr9mlagHhDRdin8DvPQ,Xq_lVUBJEwQUo1AEtmqa8g
898,pzpbr9mlagHhDRdin8DvPQ,o9GsbVJ-pyDEKp_vvstyMQ
899,pzpbr9mlagHhDRdin8DvPQ,nYhvP8uMIsJ2zjT0HJDuIA
900,pzpbr9mlagHhDRdin8DvPQ,rrDA-mfsLNSOJ51Bwx5PHw
901,pzpbr9mlagHhDRdin8DvPQ,e2_WhIJ4g7XMcrXqhACP3w
902,pzpbr9mlagHhDRdin8DvPQ,CY3shVoIVpi4F4O0NgCvkg
903,pzpbr9mlagHhDRdin8DvPQ,ADZsvEfLpxqggCIndoLGKw
904,pzpbr9mlagHhDRdin8DvPQ,oUxLcMj0FkXbhCSfot6TAw
905,pzpbr9mlagHhDRdin8DvPQ,7xI3zVZcrAYB04yv1NKG9A
906,pzpbr9mlagHhDRdin8DvPQ,RA6xTR_f0CtL8icJwz1PTA
907,pzpbr9mlagHhDRdin8DvPQ,n8M_Bwx-BpwPSksXPmatVg
908,pzpbr9mlagHhDRdin8DvPQ,7PcM-zmnzLYHBSx6FyrvCQ
909,pzpbr9mlagHhDRdin8DvPQ,9kYXZCZEp15JyznelNTskQ
910,pzpbr9mlagHhDRdin8DvPQ,zb2AjGVXdEiFai7gixdy4g
911,pzpbr9mlagHhDRdin8DvPQ,-9jp46rHS9Ka-7cUyoZDDQ
912,pzpbr9mlagHhDRdin8DvPQ,iRtdXl_foj0PX8qV3AIjlg
913,pzpbr9mlagHhDRdin8DvPQ,sDmLuolKwjDGK6AJxoJ89w
914,pzpbr9mlagHhDRdin8DvPQ,0a1mfs6BQoQpcMJDGmvUgA
915,pzpbr9mlagHhDRdin8DvPQ,Crt38SgWtPzabd6HU98Vng
916,pzpbr9mlagHhDRdin8DvPQ,ghgBlvtC7Sc-5i3jxxgm2w
917,pzpbr9mlagHhDRdin8DvPQ,vOKGtDoWR9LPIxqIIo4dWQ
918,pzpbr9mlagHhDRdin8DvPQ,2Q9eCtuUcgJgu10EpdyioQ
919,pzpbr9mlagHhDRdin8DvPQ,9GhkIuRKeqolItwJyxcnhA
920,pzpbr9mlagHhDRdin8DvPQ,z76YX19tpejAjcI2j8VQJg
921,pzpbr9mlagHhDRdin8DvPQ,rpUAKQtJ32EklkGMdoGNLQ
922,pzpbr9mlagHhDRdin8DvPQ,g3G-F9VcAo75OG-1ucjOBQ
923,pzpbr9mlagHhDRdin8DvPQ,jVC-_nPvZ0ctQh7dJcf96w
924,pzpbr9mlagHhDRdin8DvPQ,t3qHyrKhwIivdCUIZWt-LQ
925,pzpbr9mlagHhDRdin8DvPQ,5047GwBvEORXNcNqs5SA8w
926,pzpbr9mlagHhDRdin8DvPQ,XqdrqGbXkNzz_OAg1eUl-A
927,pzpbr9mlagHhDRdin8DvPQ,SBC7vrkvqjSO2sjKsVNs6Q
928,pzpbr9mlagHhDRdin8DvPQ,iq8Rt7BUYDRU780jkKSTpw
929,pzpbr9mlagHhDRdin8DvPQ,rWQxCdH63KHVGr19fH2sVg
930,pzpbr9mlagHhDRdin8DvPQ,K0_6nMha94eF-vAeU8A4bw
931,pzpbr9mlagHhDRdin8DvPQ,bG8qhXgATFJ117dSQRKvWQ
932,pzpbr9mlagHhDRdin8DvPQ,P6MfwQ6W8zjzdyOb87CHgQ
933,pzpbr9mlagHhDRdin8DvPQ,eV9QEAuYDy0xenYsh6WTnw
934,pzpbr9mlagHhDRdin8DvPQ,Hll1Y-mZeITU_ILFO6uedg
935,pzpbr9mlagHhDRdin8DvPQ,tGpPuToNjT7yuJSjGgmOLA
936,pzpbr9mlagHhDRdin8DvPQ,FgaY3JpYHLdIBN4OeFWN4A
937,pzpbr9mlagHhDRdin8DvPQ,5lZ6-SZZ1R7a0fHi3YFFzA
938,pzpbr9mlagHhDRdin8DvPQ,2mD0ycTyKjQYqJc8jz4kOg
939,pzpbr9mlagHhDRdin8DvPQ,8RuwJhYJGD8jDwRiL2jmTQ
940,pzpbr9mlagHhDRdin8DvPQ,azpJa32HxzptHema1KhcIA
941,pzpbr9mlagHhDRdin8DvPQ,c4lK4kxAHsFRQtLtab1f2g
942,pzpbr9mlagHhDRdin8DvPQ,TnI5eNcHaUExCmPf5weLGA
943,pzpbr9mlagHhDRdin8DvPQ,z2mooewDWT6ZP-77Qn5qaw
944,pzpbr9mlagHhDRdin8DvPQ,4bQc3HS80-RyH_i02xhuqw
945,pzpbr9mlagHhDRdin8DvPQ,R6IH8XO65UGkx2U4bOIOTA
946,pzpbr9mlagHhDRdin8DvPQ,ibcESjJotv9x6vqypzbPXw
947,pzpbr9mlagHhDRdin8DvPQ,c-Rk0Z_vTuixvY4-HEPy_w
948,pzpbr9mlagHhDRdin8DvPQ,SoXhIfcc3HWdi8mWT2Z8pg
949,pzpbr9mlagHhDRdin8DvPQ,ddtz-banb-uoacvtOUYu5w
950,pzpbr9mlagHhDRdin8DvPQ,pOyXMjLIjriZt12McLJ9JA
951,pzpbr9mlagHhDRdin8DvPQ,psItdqJEfWQD8Yp-CobhPA
952,pzpbr9mlagHhDRdin8DvPQ,mD2ZsT2uUibnF47Qu1-t-w
953,pzpbr9mlagHhDRdin8DvPQ,ha8WePK2vS2TD_w74p4LWQ
954,pzpbr9mlagHhDRdin8DvPQ,us-JHgeag46CjmxAOmtcyg
955,pzpbr9mlagHhDRdin8DvPQ,SGFwaDf-AhttBUZBf7sZDw
956,pzpbr9mlagHhDRdin8DvPQ,0aUBU1Mgnv_ZWbqfk-LkQQ
957,pzpbr9mlagHhDRdin8DvPQ,49KID6LHue6D6JLwFdjjMQ
958,pzpbr9mlagHhDRdin8DvPQ,RQt9iirWDyCjrTXUNVwV-Q
959,pzpbr9mlagHhDRdin8DvPQ,zeRIM730qENV5L_GUHWfYA
960,pzpbr9mlagHhDRdin8DvPQ,irbKRZyCN_RPzeBepCN7XQ
961,pzpbr9mlagHhDRdin8DvPQ,l4prewmNPMpVaEQIIzXBpw
962,pzpbr9mlagHhDRdin8DvPQ,Gx9BmTAKvZYjaeEhbFQzwg
963,pzpbr9mlagHhDRdin8DvPQ,rG1hECOdhMEFwjS9t4Q6PA
964,pzpbr9mlagHhDRdin8DvPQ,79NQMxNpdfA9J4WddMdpEw
965,pzpbr9mlagHhDRdin8DvPQ,MCoHgGfjpstHcwTnLNYTtw
966,pzpbr9mlagHhDRdin8DvPQ,kMFFTk-WlIkcIr2m0ETGcA
967,pzpbr9mlagHhDRdin8DvPQ,-nj6VrkFgCzaMAcRFV-aMw
968,pzpbr9mlagHhDRdin8DvPQ,WljZ-8ioKobeOGRk1Oe8Hw
969,pzpbr9mlagHhDRdin8DvPQ,1vce_B2mPqTC5Abxqjjm6Q
970,pzpbr9mlagHhDRdin8DvPQ,NS8Efqlpz0hxe6KYqdqTSQ
971,pzpbr9mlagHhDRdin8DvPQ,URRXydBBv7ekiUFpVkhHzQ
972,pzpbr9mlagHhDRdin8DvPQ,EqU7zAwQqXvC2QMT-7dI_A
973,pzpbr9mlagHhDRdin8DvPQ,2xUuUsO-5mLPPkTAsZqy5Q
974,pzpbr9mlagHhDRdin8DvPQ,IMCNknEJ0nl5z_Q0HWmVTw
975,pzpbr9mlagHhDRdin8DvPQ,uDqqvYcI5snpD2yIdmvttA
976,pzpbr9mlagHhDRdin8DvPQ,ukC8eCUOY4aSKk_yMpG98g
977,pzpbr9mlagHhDRdin8DvPQ,OC8SP_aM6911KR4M1pN2sA
978,pzpbr9mlagHhDRdin8DvPQ,YajrP10Lv7Dwnsf0RZOtNg
979,pzpbr9mlagHhDRdin8DvPQ,2OhX25gsQRVcG6ZhHpiKYw
980,pzpbr9mlagHhDRdin8DvPQ,lMfgfDbbdUrxjs3UQfSFDQ
981,pzpbr9mlagHhDRdin8DvPQ,kiagI91EfcjOBTmTLDOApw
982,pzpbr9mlagHhDRdin8DvPQ,Bt5vGVCUUmrWmVFAcAd95w
983,pzpbr9mlagHhDRdin8DvPQ,5fLE57ylKoDPkqPoMALILQ
984,pzpbr9mlagHhDRdin8DvPQ,2M_Jhg12u6yoS2gsMjTbuQ
985,pzpbr9mlagHhDRdin8DvPQ,n3kLgL5rvTNo3tqRzExdXQ
986,pzpbr9mlagHhDRdin8DvPQ,eEVYppG50sdvhmUlmKoMWg
987,pzpbr9mlagHhDRdin8DvPQ,Nma_WiCwU6RJU5A6isPYNA
988,pzpbr9mlagHhDRdin8DvPQ,FfacViJFRLD20rkqXvG0qw
989,pzpbr9mlagHhDRdin8DvPQ,z-GG6dIj0TdF0lCTZb4plQ
990,pzpbr9mlagHhDRdin8DvPQ,xkForr90S6qegQomZjdORw
991,pzpbr9mlagHhDRdin8DvPQ,wUzpV15US_FUA1pkLAhJyg
992,pzpbr9mlagHhDRdin8DvPQ,moX7x3UrWIXn-7NlIXAMgA
993,pzpbr9mlagHhDRdin8DvPQ,LHjygtCUVVmYZ7_h6KK9fQ
994,pzpbr9mlagHhDRdin8DvPQ,pHluhGuVxAr56T3laMyl0w
995,pzpbr9mlagHhDRdin8DvPQ,ecUUnVnBJCJs7BoWuwyCBQ
996,pzpbr9mlagHhDRdin8DvPQ,QJhoUwDsOyXzXVt_oYM32Q
997,pzpbr9mlagHhDRdin8DvPQ,8b0JlxXkr0UASKfQJ_-GRQ
998,pzpbr9mlagHhDRdin8DvPQ,nFFoqgJpA4FzVMdqz_0p4Q
999,pzpbr9mlagHhDRdin8DvPQ,FThBm78G9akz65o0jWU_Bw
1000,pzpbr9mlagHhDRdin8DvPQ,FC-FGyuAB8_2jyI61N2Olg
