id,business_id,hours
1,FYWN1wneV18bWNgQjJ2GNg,Friday|7:30-17:00
2,FYWN1wneV18bWNgQjJ2GNg,Tuesday|7:30-17:00
3,FYWN1wneV18bWNgQjJ2GNg,Thursday|7:30-17:00
4,FYWN1wneV18bWNgQjJ2GNg,Wednesday|7:30-17:00
5,FYWN1wneV18bWNgQjJ2GNg,Monday|7:30-17:00
6,He-G7vWjzVUysIKrfNbPUQ,Monday|9:00-20:00
7,He-G7vWjzVUysIKrfNbPUQ,Tuesday|9:00-20:00
8,He-G7vWjzVUysIKrfNbPUQ,Friday|9:00-16:00
9,He-G7vWjzVUysIKrfNbPUQ,Wednesday|9:00-20:00
10,He-G7vWjzVUysIKrfNbPUQ,Thursday|9:00-20:00
11,He-G7vWjzVUysIKrfNbPUQ,Saturday|8:00-16:00
12,8DShNS-LuFqpEWIp0HxijA,Monday|10:00-21:00
13,8DShNS-LuFqpEWIp0HxijA,Tuesday|10:00-21:00
14,8DShNS-LuFqpEWIp0HxijA,Friday|10:00-21:00
15,8DShNS-LuFqpEWIp0HxijA,Wednesday|10:00-21:00
16,8DShNS-LuFqpEWIp0HxijA,Thursday|10:00-21:00
17,8DShNS-LuFqpEWIp0HxijA,Sunday|11:00-19:00
18,8DShNS-LuFqpEWIp0HxijA,Saturday|10:00-21:00
19,PfOCPjBrlQAnz__NXj9h_w,Monday|11:00-1:00
20,PfOCPjBrlQAnz__NXj9h_w,Tuesday|11:00-1:00
21,PfOCPjBrlQAnz__NXj9h_w,Friday|11:00-1:00
22,PfOCPjBrlQAnz__NXj9h_w,Wednesday|11:00-1:00
23,PfOCPjBrlQAnz__NXj9h_w,Thursday|11:00-1:00
24,PfOCPjBrlQAnz__NXj9h_w,Sunday|11:00-0:00
25,PfOCPjBrlQAnz__NXj9h_w,Saturday|11:00-2:00
26,o9eMRCWt5PkpLDE0gOPtcQ,Monday|18:00-0:00
27,o9eMRCWt5PkpLDE0gOPtcQ,Tuesday|18:00-0:00
28,o9eMRCWt5PkpLDE0gOPtcQ,Friday|18:00-0:00
29,o9eMRCWt5PkpLDE0gOPtcQ,Wednesday|18:00-0:00
30,o9eMRCWt5PkpLDE0gOPtcQ,Thursday|18:00-0:00
31,o9eMRCWt5PkpLDE0gOPtcQ,Saturday|18:00-0:00
32,kCoE3jvEtg6UVz5SOD3GVw,Friday|8:00-17:00
33,kCoE3jvEtg6UVz5SOD3GVw,Tuesday|8:00-17:00
34,kCoE3jvEtg6UVz5SOD3GVw,Thursday|8:00-17:00
35,kCoE3jvEtg6UVz5SOD3GVw,Wednesday|8:00-17:00
36,kCoE3jvEtg6UVz5SOD3GVw,Monday|8:00-17:00
37,OD2hnuuTJI9uotcKycxg1A,Monday|11:00-19:00
38,OD2hnuuTJI9uotcKycxg1A,Tuesday|11:00-19:00
39,OD2hnuuTJI9uotcKycxg1A,Friday|11:00-19:00
40,OD2hnuuTJI9uotcKycxg1A,Wednesday|11:00-19:00
41,OD2hnuuTJI9uotcKycxg1A,Thursday|11:00-19:00
42,OD2hnuuTJI9uotcKycxg1A,Sunday|11:00-16:00
43,OD2hnuuTJI9uotcKycxg1A,Saturday|10:00-18:00
44,TGWhGNusxyMaA4kQVBNeew,Monday|9:00-18:00
45,TGWhGNusxyMaA4kQVBNeew,Tuesday|9:00-18:00
46,TGWhGNusxyMaA4kQVBNeew,Friday|9:00-18:00
47,TGWhGNusxyMaA4kQVBNeew,Wednesday|9:00-18:00
48,TGWhGNusxyMaA4kQVBNeew,Thursday|9:00-18:00
49,TGWhGNusxyMaA4kQVBNeew,Sunday|9:00-18:00
50,TGWhGNusxyMaA4kQVBNeew,Saturday|9:00-18:00
51,Y0eMNa5C-YU1RQOZf9XvVA,Monday|9:30-18:00
52,Y0eMNa5C-YU1RQOZf9XvVA,Tuesday|9:30-18:00
53,Y0eMNa5C-YU1RQOZf9XvVA,Friday|9:30-18:00
54,Y0eMNa5C-YU1RQOZf9XvVA,Wednesday|9:30-18:00
55,Y0eMNa5C-YU1RQOZf9XvVA,Thursday|9:30-18:00
56,Y0eMNa5C-YU1RQOZf9XvVA,Sunday|11:00-15:00
57,Y0eMNa5C-YU1RQOZf9XvVA,Saturday|8:30-17:30
58,NmZtoE3v8RdSJEczYbMT9g,Friday|8:00-17:00
59,NmZtoE3v8RdSJEczYbMT9g,Tuesday|8:00-17:00
60,NmZtoE3v8RdSJEczYbMT9g,Thursday|8:00-17:00
61,NmZtoE3v8RdSJEczYbMT9g,Wednesday|8:00-14:00
62,NmZtoE3v8RdSJEczYbMT9g,Monday|8:00-17:00
63,fNMVV_ZX7CJSDWQGdOM8Nw,Friday|7:00-15:00
64,fNMVV_ZX7CJSDWQGdOM8Nw,Tuesday|7:00-15:00
65,fNMVV_ZX7CJSDWQGdOM8Nw,Thursday|7:00-15:00
66,fNMVV_ZX7CJSDWQGdOM8Nw,Wednesday|7:00-15:00
67,fNMVV_ZX7CJSDWQGdOM8Nw,Monday|7:00-15:00
68,l09JfMeQ6ynYs5MCJtrcmQ,Monday|9:00-22:00
69,l09JfMeQ6ynYs5MCJtrcmQ,Tuesday|9:00-22:00
70,l09JfMeQ6ynYs5MCJtrcmQ,Friday|9:00-22:00
71,l09JfMeQ6ynYs5MCJtrcmQ,Wednesday|9:00-22:00
72,l09JfMeQ6ynYs5MCJtrcmQ,Thursday|9:00-22:00
73,l09JfMeQ6ynYs5MCJtrcmQ,Sunday|9:00-22:00
74,l09JfMeQ6ynYs5MCJtrcmQ,Saturday|9:00-22:00
75,IQSlT5jGE6CCDhSG0zG3xg,Monday|9:00-19:00
76,IQSlT5jGE6CCDhSG0zG3xg,Tuesday|9:00-19:00
77,IQSlT5jGE6CCDhSG0zG3xg,Friday|9:00-19:00
78,IQSlT5jGE6CCDhSG0zG3xg,Wednesday|9:00-19:00
79,IQSlT5jGE6CCDhSG0zG3xg,Thursday|9:00-19:00
80,IQSlT5jGE6CCDhSG0zG3xg,Sunday|10:00-17:00
81,IQSlT5jGE6CCDhSG0zG3xg,Saturday|9:00-18:00
82,b2I2DXtZVnpUMCXp1JON7A,Monday|7:30-18:00
83,b2I2DXtZVnpUMCXp1JON7A,Tuesday|7:30-18:00
84,b2I2DXtZVnpUMCXp1JON7A,Friday|7:30-18:00
85,b2I2DXtZVnpUMCXp1JON7A,Wednesday|7:30-18:00
86,b2I2DXtZVnpUMCXp1JON7A,Thursday|7:30-18:00
87,b2I2DXtZVnpUMCXp1JON7A,Saturday|7:30-16:00
88,0FMKDOU8TJT1x87OKYGDTg,Monday|9:00-18:00
89,0FMKDOU8TJT1x87OKYGDTg,Tuesday|9:00-18:00
90,0FMKDOU8TJT1x87OKYGDTg,Friday|9:00-19:00
91,0FMKDOU8TJT1x87OKYGDTg,Wednesday|9:00-18:00
92,0FMKDOU8TJT1x87OKYGDTg,Thursday|9:00-18:00
93,0FMKDOU8TJT1x87OKYGDTg,Saturday|9:00-18:00
94,Gu-xs3NIQTj3Mj2xYoN2aw,Monday|11:30-22:00
95,Gu-xs3NIQTj3Mj2xYoN2aw,Tuesday|11:30-22:00
96,Gu-xs3NIQTj3Mj2xYoN2aw,Friday|11:30-23:00
97,Gu-xs3NIQTj3Mj2xYoN2aw,Wednesday|11:30-22:00
98,Gu-xs3NIQTj3Mj2xYoN2aw,Thursday|11:30-22:00
99,Gu-xs3NIQTj3Mj2xYoN2aw,Sunday|11:00-22:00
100,Gu-xs3NIQTj3Mj2xYoN2aw,Saturday|11:00-23:00
101,lHYiCS-y8AFjUitv6MGpxg,Monday|5:30-22:00
102,lHYiCS-y8AFjUitv6MGpxg,Tuesday|5:30-22:00
103,lHYiCS-y8AFjUitv6MGpxg,Friday|5:30-23:00
104,lHYiCS-y8AFjUitv6MGpxg,Wednesday|5:30-22:00
105,lHYiCS-y8AFjUitv6MGpxg,Thursday|5:30-22:00
106,lHYiCS-y8AFjUitv6MGpxg,Sunday|7:00-22:00
107,lHYiCS-y8AFjUitv6MGpxg,Saturday|6:00-23:00
108,PMH4oUa-bWELKogdtkWewg,Monday|0:00-23:59
109,PMH4oUa-bWELKogdtkWewg,Tuesday|0:00-23:59
110,PMH4oUa-bWELKogdtkWewg,Friday|0:00-23:59
111,PMH4oUa-bWELKogdtkWewg,Wednesday|0:00-23:59
112,PMH4oUa-bWELKogdtkWewg,Thursday|0:00-23:59
113,PMH4oUa-bWELKogdtkWewg,Sunday|0:00-23:59
114,PMH4oUa-bWELKogdtkWewg,Saturday|0:00-23:59
115,VSGcuYDV3q-AAZ9ZPq4fBQ,Monday|16:00-2:00
116,VSGcuYDV3q-AAZ9ZPq4fBQ,Tuesday|16:00-2:00
117,VSGcuYDV3q-AAZ9ZPq4fBQ,Friday|16:00-2:00
118,VSGcuYDV3q-AAZ9ZPq4fBQ,Wednesday|16:00-2:00
119,VSGcuYDV3q-AAZ9ZPq4fBQ,Thursday|16:00-2:00
120,VSGcuYDV3q-AAZ9ZPq4fBQ,Sunday|16:00-2:00
121,VSGcuYDV3q-AAZ9ZPq4fBQ,Saturday|16:00-2:00
122,1K4qrnfyzKzGgJPBEcJaNQ,Monday|11:30-2:00
123,1K4qrnfyzKzGgJPBEcJaNQ,Tuesday|11:30-2:00
124,1K4qrnfyzKzGgJPBEcJaNQ,Friday|11:30-2:00
125,1K4qrnfyzKzGgJPBEcJaNQ,Wednesday|11:30-2:00
126,1K4qrnfyzKzGgJPBEcJaNQ,Thursday|11:30-2:00
127,1K4qrnfyzKzGgJPBEcJaNQ,Sunday|10:30-2:00
128,1K4qrnfyzKzGgJPBEcJaNQ,Saturday|10:30-2:00
129,VBHEsoXQb2AQ76J9l8h1uQ,Monday|10:00-17:00
130,VBHEsoXQb2AQ76J9l8h1uQ,Tuesday|10:00-17:00
131,VBHEsoXQb2AQ76J9l8h1uQ,Friday|10:00-17:00
132,VBHEsoXQb2AQ76J9l8h1uQ,Wednesday|10:00-17:00
133,VBHEsoXQb2AQ76J9l8h1uQ,Thursday|10:00-17:00
134,VBHEsoXQb2AQ76J9l8h1uQ,Saturday|10:00-14:00
135,AtdXq_gu9NTE5rx4ct_dGg,Monday|10:00-21:00
136,AtdXq_gu9NTE5rx4ct_dGg,Tuesday|10:00-21:00
137,AtdXq_gu9NTE5rx4ct_dGg,Friday|10:00-21:00
138,AtdXq_gu9NTE5rx4ct_dGg,Wednesday|10:00-21:00
139,AtdXq_gu9NTE5rx4ct_dGg,Thursday|10:00-21:00
140,AtdXq_gu9NTE5rx4ct_dGg,Sunday|11:00-18:00
141,AtdXq_gu9NTE5rx4ct_dGg,Saturday|9:30-18:00
142,Dj0S-Oe4ytRJzMGUPgYUkw,Monday|6:30-21:00
143,Dj0S-Oe4ytRJzMGUPgYUkw,Tuesday|6:30-21:00
144,Dj0S-Oe4ytRJzMGUPgYUkw,Friday|6:30-22:00
145,Dj0S-Oe4ytRJzMGUPgYUkw,Wednesday|6:30-21:00
146,Dj0S-Oe4ytRJzMGUPgYUkw,Thursday|6:30-21:00
147,Dj0S-Oe4ytRJzMGUPgYUkw,Sunday|7:00-20:00
148,Dj0S-Oe4ytRJzMGUPgYUkw,Saturday|7:00-22:00
149,gAy4LYpsScrj8POnCW6btQ,Monday|7:00-15:00
150,gAy4LYpsScrj8POnCW6btQ,Tuesday|7:00-15:00
151,gAy4LYpsScrj8POnCW6btQ,Friday|7:00-15:00
152,gAy4LYpsScrj8POnCW6btQ,Wednesday|7:00-15:00
153,gAy4LYpsScrj8POnCW6btQ,Thursday|7:00-15:00
154,gAy4LYpsScrj8POnCW6btQ,Sunday|7:00-15:00
155,gAy4LYpsScrj8POnCW6btQ,Saturday|7:00-15:00
156,nbhBRhZtdaZmMMeb2i02pg,Monday|7:00-15:00
157,nbhBRhZtdaZmMMeb2i02pg,Tuesday|7:00-15:00
158,nbhBRhZtdaZmMMeb2i02pg,Friday|7:00-15:00
159,nbhBRhZtdaZmMMeb2i02pg,Wednesday|7:00-15:00
160,nbhBRhZtdaZmMMeb2i02pg,Thursday|7:00-15:00
161,nbhBRhZtdaZmMMeb2i02pg,Sunday|7:00-15:00
162,nbhBRhZtdaZmMMeb2i02pg,Saturday|7:00-15:00
163,zzMu-6SmqhpvHxVRM6tx9g,Friday|7:00-17:30
164,zzMu-6SmqhpvHxVRM6tx9g,Tuesday|7:00-17:30
165,zzMu-6SmqhpvHxVRM6tx9g,Thursday|7:00-17:30
166,zzMu-6SmqhpvHxVRM6tx9g,Wednesday|7:00-17:30
167,zzMu-6SmqhpvHxVRM6tx9g,Monday|7:00-17:30
168,1_3nOM7s9WqnJWTNu2-i8Q,Monday|11:30-14:00
169,1_3nOM7s9WqnJWTNu2-i8Q,Tuesday|17:00-21:30
170,1_3nOM7s9WqnJWTNu2-i8Q,Friday|17:00-21:30
171,1_3nOM7s9WqnJWTNu2-i8Q,Wednesday|17:00-21:30
172,1_3nOM7s9WqnJWTNu2-i8Q,Thursday|17:00-21:30
173,1_3nOM7s9WqnJWTNu2-i8Q,Saturday|16:30-21:30
174,FXHfcFVEfI1vVngW2gVOpw,Monday|17:00-23:00
175,FXHfcFVEfI1vVngW2gVOpw,Tuesday|11:00-23:00
176,FXHfcFVEfI1vVngW2gVOpw,Friday|12:00-1:30
177,FXHfcFVEfI1vVngW2gVOpw,Wednesday|11:00-23:00
178,FXHfcFVEfI1vVngW2gVOpw,Thursday|11:00-23:00
179,FXHfcFVEfI1vVngW2gVOpw,Sunday|12:00-23:00
180,FXHfcFVEfI1vVngW2gVOpw,Saturday|12:00-1:30
181,7gquCdaFoHZCcLYDttpHtw,Monday|9:30-19:30
182,7gquCdaFoHZCcLYDttpHtw,Tuesday|9:30-19:30
183,7gquCdaFoHZCcLYDttpHtw,Friday|9:30-19:30
184,7gquCdaFoHZCcLYDttpHtw,Wednesday|9:30-19:30
185,7gquCdaFoHZCcLYDttpHtw,Thursday|9:30-19:30
186,7gquCdaFoHZCcLYDttpHtw,Saturday|9:30-19:30
187,ok38fApaT1TBEU-IH85BvA,Monday|9:00-18:00
188,ok38fApaT1TBEU-IH85BvA,Tuesday|9:00-18:00
189,ok38fApaT1TBEU-IH85BvA,Friday|9:00-18:00
190,ok38fApaT1TBEU-IH85BvA,Wednesday|9:00-18:00
191,ok38fApaT1TBEU-IH85BvA,Thursday|9:00-18:00
192,ok38fApaT1TBEU-IH85BvA,Saturday|9:00-12:00
193,lj0MiK5_fyv9df2twnsI7g,Tuesday|9:00-15:00
194,lj0MiK5_fyv9df2twnsI7g,Friday|9:00-17:00
195,lj0MiK5_fyv9df2twnsI7g,Wednesday|9:00-17:00
196,lj0MiK5_fyv9df2twnsI7g,Thursday|9:00-17:00
197,lj0MiK5_fyv9df2twnsI7g,Saturday|9:00-17:00
198,tRVx2c89coruPRwYhGTcTw,Monday|12:00-2:00
199,tRVx2c89coruPRwYhGTcTw,Tuesday|12:00-2:00
200,tRVx2c89coruPRwYhGTcTw,Friday|12:00-2:00
201,tRVx2c89coruPRwYhGTcTw,Wednesday|12:00-2:00
202,tRVx2c89coruPRwYhGTcTw,Thursday|12:00-2:00
203,tRVx2c89coruPRwYhGTcTw,Saturday|11:00-2:00
204,1Jp_hmPNUZArNqzpbm7B0g,Monday|7:00-18:00
205,1Jp_hmPNUZArNqzpbm7B0g,Tuesday|7:00-18:00
206,1Jp_hmPNUZArNqzpbm7B0g,Friday|7:00-18:00
207,1Jp_hmPNUZArNqzpbm7B0g,Wednesday|7:00-18:00
208,1Jp_hmPNUZArNqzpbm7B0g,Thursday|7:00-18:00
209,1Jp_hmPNUZArNqzpbm7B0g,Saturday|9:00-14:30
210,5qpi5VQ_S2Itm8xvRm1k8Q,Monday|10:00-18:00
211,5qpi5VQ_S2Itm8xvRm1k8Q,Tuesday|10:00-18:00
212,5qpi5VQ_S2Itm8xvRm1k8Q,Friday|10:00-18:00
213,5qpi5VQ_S2Itm8xvRm1k8Q,Wednesday|10:00-18:00
214,5qpi5VQ_S2Itm8xvRm1k8Q,Thursday|10:00-18:00
215,5qpi5VQ_S2Itm8xvRm1k8Q,Saturday|10:00-15:00
216,BnuzcebyB1AfxH0kjNWqSg,Monday|16:00-22:00
217,BnuzcebyB1AfxH0kjNWqSg,Tuesday|16:00-22:00
218,BnuzcebyB1AfxH0kjNWqSg,Friday|11:00-23:00
219,BnuzcebyB1AfxH0kjNWqSg,Wednesday|16:00-22:00
220,BnuzcebyB1AfxH0kjNWqSg,Thursday|16:00-22:00
221,BnuzcebyB1AfxH0kjNWqSg,Sunday|11:00-21:00
222,BnuzcebyB1AfxH0kjNWqSg,Saturday|11:00-23:00
223,1WBkAuQg81kokZIPMpn9Zg,Monday|11:00-22:00
224,1WBkAuQg81kokZIPMpn9Zg,Tuesday|11:00-22:00
225,1WBkAuQg81kokZIPMpn9Zg,Friday|11:00-23:00
226,1WBkAuQg81kokZIPMpn9Zg,Wednesday|11:00-22:00
227,1WBkAuQg81kokZIPMpn9Zg,Thursday|11:00-22:00
228,1WBkAuQg81kokZIPMpn9Zg,Sunday|11:00-21:00
229,1WBkAuQg81kokZIPMpn9Zg,Saturday|11:00-23:00
230,Z-4KHBDbdwyC7PwA_JE5Xw,Monday|8:00-17:00
231,Z-4KHBDbdwyC7PwA_JE5Xw,Tuesday|8:00-21:00
232,Z-4KHBDbdwyC7PwA_JE5Xw,Friday|7:00-19:00
233,Z-4KHBDbdwyC7PwA_JE5Xw,Wednesday|7:00-21:00
234,Z-4KHBDbdwyC7PwA_JE5Xw,Thursday|7:00-21:00
235,Z-4KHBDbdwyC7PwA_JE5Xw,Saturday|8:00-16:00
236,DPQnTnNw2PJj7DdENM98Cw,Monday|7:00-18:00
237,DPQnTnNw2PJj7DdENM98Cw,Tuesday|7:00-18:00
238,DPQnTnNw2PJj7DdENM98Cw,Friday|7:00-18:00
239,DPQnTnNw2PJj7DdENM98Cw,Wednesday|7:00-18:00
240,DPQnTnNw2PJj7DdENM98Cw,Thursday|7:00-18:00
241,DPQnTnNw2PJj7DdENM98Cw,Sunday|8:00-17:00
242,DPQnTnNw2PJj7DdENM98Cw,Saturday|7:00-18:00
243,FmGZh8ZwEnSO860_2eiYHw,Monday|8:00-18:00
244,FmGZh8ZwEnSO860_2eiYHw,Tuesday|8:00-18:00
245,FmGZh8ZwEnSO860_2eiYHw,Friday|8:00-18:00
246,FmGZh8ZwEnSO860_2eiYHw,Wednesday|8:00-18:00
247,FmGZh8ZwEnSO860_2eiYHw,Thursday|8:00-18:00
248,FmGZh8ZwEnSO860_2eiYHw,Sunday|8:00-18:00
249,FmGZh8ZwEnSO860_2eiYHw,Saturday|9:00-12:00
250,Pd52CjgyEU3Rb8co6QfTPw,Monday|8:30-22:30
251,Pd52CjgyEU3Rb8co6QfTPw,Tuesday|8:30-22:30
252,Pd52CjgyEU3Rb8co6QfTPw,Friday|8:30-22:30
253,Pd52CjgyEU3Rb8co6QfTPw,Wednesday|8:30-22:30
254,Pd52CjgyEU3Rb8co6QfTPw,Thursday|8:30-22:30
255,Pd52CjgyEU3Rb8co6QfTPw,Sunday|8:30-22:30
256,Pd52CjgyEU3Rb8co6QfTPw,Saturday|8:30-22:30
257,n7V4cD-KqqE3OXk0irJTyA,Monday|11:00-0:00
258,n7V4cD-KqqE3OXk0irJTyA,Tuesday|11:00-0:00
259,n7V4cD-KqqE3OXk0irJTyA,Friday|11:00-1:00
260,n7V4cD-KqqE3OXk0irJTyA,Wednesday|11:00-0:00
261,n7V4cD-KqqE3OXk0irJTyA,Thursday|11:00-0:00
262,n7V4cD-KqqE3OXk0irJTyA,Sunday|11:00-0:00
263,n7V4cD-KqqE3OXk0irJTyA,Saturday|11:00-1:00
264,c_XbaJqhm-5ycSBOkVUBmg,Monday|11:30-22:00
265,c_XbaJqhm-5ycSBOkVUBmg,Tuesday|11:30-22:00
266,c_XbaJqhm-5ycSBOkVUBmg,Friday|11:30-22:00
267,c_XbaJqhm-5ycSBOkVUBmg,Wednesday|11:30-22:00
268,c_XbaJqhm-5ycSBOkVUBmg,Thursday|11:30-22:00
269,c_XbaJqhm-5ycSBOkVUBmg,Sunday|11:30-21:00
270,c_XbaJqhm-5ycSBOkVUBmg,Saturday|11:30-22:00
271,ykJM7EuGziATZ5u2qIT08g,Monday|5:00-17:00
272,ykJM7EuGziATZ5u2qIT08g,Tuesday|5:00-17:00
273,ykJM7EuGziATZ5u2qIT08g,Friday|5:00-17:00
274,ykJM7EuGziATZ5u2qIT08g,Wednesday|5:00-17:00
275,ykJM7EuGziATZ5u2qIT08g,Thursday|5:00-17:00
276,ykJM7EuGziATZ5u2qIT08g,Sunday|5:00-17:00
277,ykJM7EuGziATZ5u2qIT08g,Saturday|5:00-17:00
278,spDZkD6cp0JUUm6ghIWHzA,Monday|9:00-22:00
279,spDZkD6cp0JUUm6ghIWHzA,Tuesday|9:00-22:00
280,spDZkD6cp0JUUm6ghIWHzA,Friday|9:00-22:00
281,spDZkD6cp0JUUm6ghIWHzA,Wednesday|9:00-22:00
282,spDZkD6cp0JUUm6ghIWHzA,Thursday|9:00-22:00
283,spDZkD6cp0JUUm6ghIWHzA,Sunday|9:00-22:00
284,spDZkD6cp0JUUm6ghIWHzA,Saturday|9:00-22:00
285,PEKloTo1IkW_gyxp15e8Dg,Monday|10:00-18:00
286,PEKloTo1IkW_gyxp15e8Dg,Tuesday|10:00-18:00
287,PEKloTo1IkW_gyxp15e8Dg,Friday|10:00-18:00
288,PEKloTo1IkW_gyxp15e8Dg,Wednesday|10:00-18:00
289,PEKloTo1IkW_gyxp15e8Dg,Thursday|10:00-18:00
290,PEKloTo1IkW_gyxp15e8Dg,Saturday|10:00-10:15
291,Sx0C2RsDgrG3RxBBUoBqTw,Monday|0:00-0:00
292,Sx0C2RsDgrG3RxBBUoBqTw,Tuesday|0:00-0:00
293,Sx0C2RsDgrG3RxBBUoBqTw,Friday|0:00-0:00
294,Sx0C2RsDgrG3RxBBUoBqTw,Wednesday|0:00-0:00
295,Sx0C2RsDgrG3RxBBUoBqTw,Thursday|0:00-0:00
296,Sx0C2RsDgrG3RxBBUoBqTw,Sunday|0:00-0:00
297,Sx0C2RsDgrG3RxBBUoBqTw,Saturday|0:00-0:00
298,v2GJWvZqEAjUc22hZUYzYw,Monday|18:00-20:30
299,r6Jw8oRCeumxu7Y1WRxT7A,Monday|9:00-20:00
300,r6Jw8oRCeumxu7Y1WRxT7A,Tuesday|9:00-20:00
301,r6Jw8oRCeumxu7Y1WRxT7A,Friday|9:00-20:00
302,r6Jw8oRCeumxu7Y1WRxT7A,Wednesday|9:00-20:00
303,r6Jw8oRCeumxu7Y1WRxT7A,Thursday|9:00-20:00
304,r6Jw8oRCeumxu7Y1WRxT7A,Saturday|9:00-18:00
305,EJFdWX908N8Yc2XG0Lky8A,Tuesday|17:00-21:30
306,EJFdWX908N8Yc2XG0Lky8A,Friday|17:00-21:30
307,EJFdWX908N8Yc2XG0Lky8A,Wednesday|17:00-21:30
308,EJFdWX908N8Yc2XG0Lky8A,Thursday|17:00-21:30
309,EJFdWX908N8Yc2XG0Lky8A,Saturday|17:00-21:30
310,LL01hTt_eVdp-ws4zMDsrw,Tuesday|7:45-15:00
311,LL01hTt_eVdp-ws4zMDsrw,Thursday|8:30-17:00
312,LL01hTt_eVdp-ws4zMDsrw,Wednesday|8:30-18:00
313,LL01hTt_eVdp-ws4zMDsrw,Monday|7:45-18:00
314,d6ngz4WmMaQL8Xdfur7bwQ,Friday|8:00-17:00
315,d6ngz4WmMaQL8Xdfur7bwQ,Tuesday|8:00-17:00
316,d6ngz4WmMaQL8Xdfur7bwQ,Thursday|8:00-17:00
317,d6ngz4WmMaQL8Xdfur7bwQ,Wednesday|8:00-17:00
318,d6ngz4WmMaQL8Xdfur7bwQ,Monday|8:00-17:00
319,6aFAEeJ3nS-iWGt7Tn7S0Q,Friday|9:00-17:00
320,6aFAEeJ3nS-iWGt7Tn7S0Q,Tuesday|9:00-17:00
321,6aFAEeJ3nS-iWGt7Tn7S0Q,Thursday|9:00-17:00
322,6aFAEeJ3nS-iWGt7Tn7S0Q,Wednesday|9:00-17:00
323,6aFAEeJ3nS-iWGt7Tn7S0Q,Monday|9:00-17:00
324,F31RycVVooeIOp9jsXmg6g,Monday|6:00-16:00
325,F31RycVVooeIOp9jsXmg6g,Tuesday|6:00-16:00
326,F31RycVVooeIOp9jsXmg6g,Friday|6:00-16:00
327,F31RycVVooeIOp9jsXmg6g,Wednesday|6:00-16:00
328,F31RycVVooeIOp9jsXmg6g,Thursday|6:00-16:00
329,F31RycVVooeIOp9jsXmg6g,Sunday|8:00-17:00
330,F31RycVVooeIOp9jsXmg6g,Saturday|8:00-17:00
331,iPa__LOhse-hobC2Xmp-Kw,Monday|5:00-23:00
332,iPa__LOhse-hobC2Xmp-Kw,Tuesday|5:00-23:00
333,iPa__LOhse-hobC2Xmp-Kw,Friday|5:00-23:00
334,iPa__LOhse-hobC2Xmp-Kw,Wednesday|5:00-23:00
335,iPa__LOhse-hobC2Xmp-Kw,Thursday|5:00-23:00
336,iPa__LOhse-hobC2Xmp-Kw,Sunday|5:00-23:00
337,iPa__LOhse-hobC2Xmp-Kw,Saturday|5:00-23:00
338,XPZT3zLrkLkFSkBVxSsM3w,Monday|9:00-21:30
339,XPZT3zLrkLkFSkBVxSsM3w,Tuesday|9:00-21:30
340,XPZT3zLrkLkFSkBVxSsM3w,Friday|9:00-21:30
341,XPZT3zLrkLkFSkBVxSsM3w,Wednesday|9:00-21:30
342,XPZT3zLrkLkFSkBVxSsM3w,Thursday|9:00-21:30
343,XPZT3zLrkLkFSkBVxSsM3w,Sunday|10:00-20:00
344,XPZT3zLrkLkFSkBVxSsM3w,Saturday|9:00-21:30
345,zWb-kwaANIPMS_AFBbVOew,Monday|10:00-21:00
346,zWb-kwaANIPMS_AFBbVOew,Tuesday|10:00-21:00
347,zWb-kwaANIPMS_AFBbVOew,Friday|10:00-21:00
348,zWb-kwaANIPMS_AFBbVOew,Wednesday|10:00-21:00
349,zWb-kwaANIPMS_AFBbVOew,Thursday|10:00-21:00
350,zWb-kwaANIPMS_AFBbVOew,Sunday|11:00-18:00
351,zWb-kwaANIPMS_AFBbVOew,Saturday|10:00-21:00
352,o1fTwfqN0sDFNpV1CkOPPg,Monday|7:00-21:00
353,o1fTwfqN0sDFNpV1CkOPPg,Tuesday|7:00-21:00
354,o1fTwfqN0sDFNpV1CkOPPg,Friday|7:00-21:00
355,o1fTwfqN0sDFNpV1CkOPPg,Wednesday|7:00-21:00
356,o1fTwfqN0sDFNpV1CkOPPg,Thursday|7:00-21:00
357,o1fTwfqN0sDFNpV1CkOPPg,Sunday|9:00-21:00
358,o1fTwfqN0sDFNpV1CkOPPg,Saturday|8:00-21:00
359,-nHkhiuerqmfBG3v2v9O-g,Monday|5:30-17:00
360,-nHkhiuerqmfBG3v2v9O-g,Tuesday|5:30-17:00
361,-nHkhiuerqmfBG3v2v9O-g,Friday|5:30-17:00
362,-nHkhiuerqmfBG3v2v9O-g,Wednesday|5:30-17:00
363,-nHkhiuerqmfBG3v2v9O-g,Thursday|5:30-17:00
364,-nHkhiuerqmfBG3v2v9O-g,Sunday|6:00-16:00
365,-nHkhiuerqmfBG3v2v9O-g,Saturday|6:00-16:00
366,AZUCA3oiGou2wLnAYG1P6g,Monday|8:00-18:00
367,AZUCA3oiGou2wLnAYG1P6g,Tuesday|8:00-18:00
368,AZUCA3oiGou2wLnAYG1P6g,Friday|8:00-18:00
369,AZUCA3oiGou2wLnAYG1P6g,Wednesday|8:00-18:00
370,AZUCA3oiGou2wLnAYG1P6g,Thursday|8:00-18:00
371,AZUCA3oiGou2wLnAYG1P6g,Sunday|8:00-18:00
372,AZUCA3oiGou2wLnAYG1P6g,Saturday|8:00-18:00
373,B5EZlEDH6AVDk8tQGHAGqg,Monday|11:00-2:00
374,B5EZlEDH6AVDk8tQGHAGqg,Tuesday|11:00-2:00
375,B5EZlEDH6AVDk8tQGHAGqg,Friday|11:00-2:30
376,B5EZlEDH6AVDk8tQGHAGqg,Wednesday|11:00-2:00
377,B5EZlEDH6AVDk8tQGHAGqg,Thursday|11:00-2:00
378,B5EZlEDH6AVDk8tQGHAGqg,Sunday|10:00-17:00
379,B5EZlEDH6AVDk8tQGHAGqg,Saturday|10:00-2:30
380,bOOgAB_CEWWsxalAthnRSw,Monday|8:00-22:00
381,bOOgAB_CEWWsxalAthnRSw,Friday|20:00-22:00
382,bOOgAB_CEWWsxalAthnRSw,Wednesday|20:00-22:00
383,bOOgAB_CEWWsxalAthnRSw,Thursday|20:00-22:00
384,bOOgAB_CEWWsxalAthnRSw,Sunday|20:00-22:00
385,bOOgAB_CEWWsxalAthnRSw,Saturday|20:00-22:00
386,l5ijDMpYdyKbF0CxiCVO_Q,Monday|9:00-22:00
387,l5ijDMpYdyKbF0CxiCVO_Q,Tuesday|9:00-22:00
388,l5ijDMpYdyKbF0CxiCVO_Q,Friday|9:00-0:00
389,l5ijDMpYdyKbF0CxiCVO_Q,Wednesday|9:00-22:00
390,l5ijDMpYdyKbF0CxiCVO_Q,Thursday|9:00-0:00
391,l5ijDMpYdyKbF0CxiCVO_Q,Sunday|9:00-22:00
392,l5ijDMpYdyKbF0CxiCVO_Q,Saturday|9:00-0:00
393,nJ3mXjItS8WcwhYbzbfDQw,Monday|10:00-18:00
394,nJ3mXjItS8WcwhYbzbfDQw,Tuesday|10:00-18:00
395,nJ3mXjItS8WcwhYbzbfDQw,Friday|10:00-18:00
396,nJ3mXjItS8WcwhYbzbfDQw,Wednesday|10:00-18:00
397,nJ3mXjItS8WcwhYbzbfDQw,Thursday|10:00-18:00
398,nJ3mXjItS8WcwhYbzbfDQw,Saturday|10:00-15:00
399,NoxzrJbWS4xD9ft0ygD3JA,Tuesday|16:00-14:30
400,NoxzrJbWS4xD9ft0ygD3JA,Friday|16:00-14:30
401,NoxzrJbWS4xD9ft0ygD3JA,Wednesday|16:00-14:30
402,NoxzrJbWS4xD9ft0ygD3JA,Thursday|16:00-14:30
403,NoxzrJbWS4xD9ft0ygD3JA,Saturday|16:00-14:30
404,VXH7zXcZzXlmAVN8GSjGRQ,Monday|10:00-23:00
405,VXH7zXcZzXlmAVN8GSjGRQ,Tuesday|10:00-23:00
406,VXH7zXcZzXlmAVN8GSjGRQ,Friday|10:00-23:00
407,VXH7zXcZzXlmAVN8GSjGRQ,Wednesday|10:00-23:00
408,VXH7zXcZzXlmAVN8GSjGRQ,Thursday|10:00-23:00
409,VXH7zXcZzXlmAVN8GSjGRQ,Sunday|11:00-22:00
410,VXH7zXcZzXlmAVN8GSjGRQ,Saturday|11:00-22:00
411,8XQmnE-v6RrsHiqEz6QXdg,Monday|9:00-18:00
412,8XQmnE-v6RrsHiqEz6QXdg,Tuesday|9:00-18:00
413,8XQmnE-v6RrsHiqEz6QXdg,Friday|9:00-18:00
414,8XQmnE-v6RrsHiqEz6QXdg,Wednesday|9:00-18:00
415,8XQmnE-v6RrsHiqEz6QXdg,Thursday|9:00-18:00
416,8XQmnE-v6RrsHiqEz6QXdg,Sunday|10:30-14:00
417,8XQmnE-v6RrsHiqEz6QXdg,Saturday|9:00-18:00
418,YhV93k9uiMdr3FlV4FHjwA,Monday|8:00-17:00
419,YhV93k9uiMdr3FlV4FHjwA,Tuesday|8:00-17:00
420,YhV93k9uiMdr3FlV4FHjwA,Friday|8:00-17:00
421,YhV93k9uiMdr3FlV4FHjwA,Wednesday|8:00-17:00
422,YhV93k9uiMdr3FlV4FHjwA,Thursday|8:00-17:00
423,YhV93k9uiMdr3FlV4FHjwA,Saturday|9:00-15:00
424,aFBCmJUYrPeol_P75QX7Jw,Monday|11:30-23:00
425,aFBCmJUYrPeol_P75QX7Jw,Tuesday|11:30-23:00
426,aFBCmJUYrPeol_P75QX7Jw,Friday|11:30-0:00
427,aFBCmJUYrPeol_P75QX7Jw,Wednesday|11:30-23:00
428,aFBCmJUYrPeol_P75QX7Jw,Thursday|11:30-23:00
429,aFBCmJUYrPeol_P75QX7Jw,Sunday|16:00-23:00
430,aFBCmJUYrPeol_P75QX7Jw,Saturday|16:00-0:00
431,GX83LORhO99mdNFz9_cZdQ,Friday|9:00-17:00
432,GX83LORhO99mdNFz9_cZdQ,Tuesday|9:00-17:00
433,GX83LORhO99mdNFz9_cZdQ,Thursday|9:00-17:00
434,GX83LORhO99mdNFz9_cZdQ,Wednesday|9:00-17:00
435,GX83LORhO99mdNFz9_cZdQ,Monday|9:00-17:00
436,YvxQOMstU2MVDr2uNHs_vw,Monday|11:00-23:00
437,YvxQOMstU2MVDr2uNHs_vw,Tuesday|11:00-23:00
438,YvxQOMstU2MVDr2uNHs_vw,Friday|11:00-23:00
439,YvxQOMstU2MVDr2uNHs_vw,Wednesday|11:00-23:00
440,YvxQOMstU2MVDr2uNHs_vw,Thursday|11:00-23:00
441,YvxQOMstU2MVDr2uNHs_vw,Sunday|11:00-23:00
442,YvxQOMstU2MVDr2uNHs_vw,Saturday|11:00-23:00
443,dTWfATVrBfKj7Vdn0qWVWg,Monday|11:00-21:00
444,dTWfATVrBfKj7Vdn0qWVWg,Friday|11:00-21:00
445,dTWfATVrBfKj7Vdn0qWVWg,Wednesday|11:00-21:00
446,dTWfATVrBfKj7Vdn0qWVWg,Thursday|11:00-21:00
447,dTWfATVrBfKj7Vdn0qWVWg,Sunday|11:00-21:00
448,dTWfATVrBfKj7Vdn0qWVWg,Saturday|11:00-21:00
449,HcEJ2YiSLX_mT3RE0hvKWQ,Monday|12:00-2:00
450,HcEJ2YiSLX_mT3RE0hvKWQ,Tuesday|12:00-2:00
451,HcEJ2YiSLX_mT3RE0hvKWQ,Friday|12:00-2:00
452,HcEJ2YiSLX_mT3RE0hvKWQ,Wednesday|12:00-2:00
453,HcEJ2YiSLX_mT3RE0hvKWQ,Thursday|12:00-2:00
454,HcEJ2YiSLX_mT3RE0hvKWQ,Sunday|15:00-2:00
455,HcEJ2YiSLX_mT3RE0hvKWQ,Saturday|12:00-2:00
456,VZ37HCZVruFm-w_Mkl1aEQ,Monday|11:00-21:00
457,VZ37HCZVruFm-w_Mkl1aEQ,Tuesday|11:00-21:00
458,VZ37HCZVruFm-w_Mkl1aEQ,Friday|9:00-16:00
459,VZ37HCZVruFm-w_Mkl1aEQ,Wednesday|13:00-21:00
460,VZ37HCZVruFm-w_Mkl1aEQ,Thursday|13:00-21:00
461,VZ37HCZVruFm-w_Mkl1aEQ,Saturday|9:00-12:30
462,zdC6e26U7tS1XtWcJPKCcA,Friday|7:30-13:00
463,zdC6e26U7tS1XtWcJPKCcA,Tuesday|7:30-18:00
464,zdC6e26U7tS1XtWcJPKCcA,Thursday|7:30-18:00
465,zdC6e26U7tS1XtWcJPKCcA,Wednesday|7:30-18:00
466,zdC6e26U7tS1XtWcJPKCcA,Monday|7:30-18:00
467,VdlPZg2NAu8t8GkdbPLecg,Tuesday|17:00-22:00
468,VdlPZg2NAu8t8GkdbPLecg,Friday|17:00-22:00
469,VdlPZg2NAu8t8GkdbPLecg,Wednesday|17:00-22:00
470,VdlPZg2NAu8t8GkdbPLecg,Thursday|17:00-22:00
471,VdlPZg2NAu8t8GkdbPLecg,Sunday|17:00-22:00
472,VdlPZg2NAu8t8GkdbPLecg,Saturday|17:00-22:00
473,c6Q3HP4cmWZbD9GX8kr4IA,Monday|7:00-19:00
474,c6Q3HP4cmWZbD9GX8kr4IA,Tuesday|7:00-19:00
475,c6Q3HP4cmWZbD9GX8kr4IA,Friday|7:00-19:00
476,c6Q3HP4cmWZbD9GX8kr4IA,Wednesday|7:00-19:00
477,c6Q3HP4cmWZbD9GX8kr4IA,Thursday|7:00-19:00
478,c6Q3HP4cmWZbD9GX8kr4IA,Sunday|9:00-16:00
479,c6Q3HP4cmWZbD9GX8kr4IA,Saturday|7:00-18:00
480,c7X2SdKxVJMaOnFROO8WEg,Monday|11:30-21:00
481,c7X2SdKxVJMaOnFROO8WEg,Tuesday|11:30-21:00
482,c7X2SdKxVJMaOnFROO8WEg,Friday|11:30-21:00
483,c7X2SdKxVJMaOnFROO8WEg,Wednesday|11:30-21:00
484,c7X2SdKxVJMaOnFROO8WEg,Thursday|11:30-21:00
485,c7X2SdKxVJMaOnFROO8WEg,Saturday|11:30-21:00
486,1nhf9BPXOBFBkbRkpsFaxA,Monday|17:00-23:00
487,1nhf9BPXOBFBkbRkpsFaxA,Tuesday|17:00-23:00
488,1nhf9BPXOBFBkbRkpsFaxA,Friday|17:00-2:00
489,1nhf9BPXOBFBkbRkpsFaxA,Wednesday|17:00-23:00
490,1nhf9BPXOBFBkbRkpsFaxA,Thursday|17:00-23:00
491,1nhf9BPXOBFBkbRkpsFaxA,Sunday|11:00-23:00
492,1nhf9BPXOBFBkbRkpsFaxA,Saturday|11:00-2:00
493,strJsTvTHqWS18GVJQEHoA,Friday|6:00-19:00
494,strJsTvTHqWS18GVJQEHoA,Tuesday|7:00-19:00
495,strJsTvTHqWS18GVJQEHoA,Thursday|7:00-19:00
496,strJsTvTHqWS18GVJQEHoA,Wednesday|6:00-19:00
497,strJsTvTHqWS18GVJQEHoA,Monday|6:00-19:00
498,e3rNvRnupvSMu6BABlDUuQ,Monday|6:00-19:00
499,e3rNvRnupvSMu6BABlDUuQ,Tuesday|6:00-19:00
500,e3rNvRnupvSMu6BABlDUuQ,Friday|6:00-19:00
501,e3rNvRnupvSMu6BABlDUuQ,Wednesday|6:00-19:00
502,e3rNvRnupvSMu6BABlDUuQ,Thursday|6:00-19:00
503,e3rNvRnupvSMu6BABlDUuQ,Sunday|6:00-19:00
504,e3rNvRnupvSMu6BABlDUuQ,Saturday|6:00-19:00
505,QkG3KUXwqZBW18A9k1xqCA,Monday|11:00-22:00
506,QkG3KUXwqZBW18A9k1xqCA,Tuesday|11:00-22:00
507,QkG3KUXwqZBW18A9k1xqCA,Friday|11:00-23:00
508,QkG3KUXwqZBW18A9k1xqCA,Wednesday|11:00-22:00
509,QkG3KUXwqZBW18A9k1xqCA,Thursday|11:00-22:00
510,QkG3KUXwqZBW18A9k1xqCA,Sunday|11:00-22:00
511,QkG3KUXwqZBW18A9k1xqCA,Saturday|11:00-23:00
512,shNBn6mTKxZ124yPC_H02Q,Monday|0:00-0:00
513,shNBn6mTKxZ124yPC_H02Q,Tuesday|0:00-0:00
514,shNBn6mTKxZ124yPC_H02Q,Friday|0:00-0:00
515,shNBn6mTKxZ124yPC_H02Q,Wednesday|0:00-0:00
516,shNBn6mTKxZ124yPC_H02Q,Thursday|0:00-0:00
517,shNBn6mTKxZ124yPC_H02Q,Sunday|0:00-0:00
518,shNBn6mTKxZ124yPC_H02Q,Saturday|0:00-0:00
519,ZmMCgM4RCqCXJ0Lswu6yxw,Monday|9:00-19:00
520,ZmMCgM4RCqCXJ0Lswu6yxw,Tuesday|9:00-19:00
521,ZmMCgM4RCqCXJ0Lswu6yxw,Friday|9:00-19:00
522,ZmMCgM4RCqCXJ0Lswu6yxw,Wednesday|9:00-19:00
523,ZmMCgM4RCqCXJ0Lswu6yxw,Thursday|9:00-19:00
524,ZmMCgM4RCqCXJ0Lswu6yxw,Saturday|9:00-18:00
525,pR6Fy9cP3oAzM_DtloLV5w,Friday|8:00-17:00
526,pR6Fy9cP3oAzM_DtloLV5w,Tuesday|8:00-17:00
527,pR6Fy9cP3oAzM_DtloLV5w,Thursday|8:00-17:00
528,pR6Fy9cP3oAzM_DtloLV5w,Wednesday|8:00-17:00
529,pR6Fy9cP3oAzM_DtloLV5w,Monday|8:00-17:00
530,gSr8zPc8M4eTxwGgPb5AsA,Monday|8:00-17:00
531,gSr8zPc8M4eTxwGgPb5AsA,Tuesday|8:00-17:00
532,gSr8zPc8M4eTxwGgPb5AsA,Friday|8:00-17:00
533,gSr8zPc8M4eTxwGgPb5AsA,Wednesday|8:00-17:00
534,gSr8zPc8M4eTxwGgPb5AsA,Thursday|8:00-17:00
535,gSr8zPc8M4eTxwGgPb5AsA,Saturday|8:00-12:00
536,oB5KH-jYU93w-QnHas6EMA,Monday|11:00-20:00
537,oB5KH-jYU93w-QnHas6EMA,Tuesday|11:00-20:00
538,oB5KH-jYU93w-QnHas6EMA,Friday|11:00-20:00
539,oB5KH-jYU93w-QnHas6EMA,Wednesday|11:00-20:00
540,oB5KH-jYU93w-QnHas6EMA,Thursday|11:00-20:00
541,oB5KH-jYU93w-QnHas6EMA,Sunday|12:00-18:00
542,oB5KH-jYU93w-QnHas6EMA,Saturday|11:00-20:00
543,gIVjdDWRnS1yDVpPF3oUeg,Monday|11:00-2:00
544,gIVjdDWRnS1yDVpPF3oUeg,Tuesday|11:00-2:00
545,gIVjdDWRnS1yDVpPF3oUeg,Friday|11:00-3:00
546,gIVjdDWRnS1yDVpPF3oUeg,Wednesday|11:00-2:00
547,gIVjdDWRnS1yDVpPF3oUeg,Thursday|11:00-3:00
548,gIVjdDWRnS1yDVpPF3oUeg,Sunday|11:00-2:00
549,gIVjdDWRnS1yDVpPF3oUeg,Saturday|11:00-3:00
550,veXxt8rGY_RJPpA5QkHT9Q,Monday|16:00-1:00
551,veXxt8rGY_RJPpA5QkHT9Q,Tuesday|16:00-1:00
552,veXxt8rGY_RJPpA5QkHT9Q,Friday|11:00-1:00
553,veXxt8rGY_RJPpA5QkHT9Q,Wednesday|16:00-1:00
554,veXxt8rGY_RJPpA5QkHT9Q,Thursday|16:00-1:00
555,veXxt8rGY_RJPpA5QkHT9Q,Sunday|11:00-1:00
556,veXxt8rGY_RJPpA5QkHT9Q,Saturday|11:00-1:00
557,T5CdfrZWw-uW9Y5L_sddqQ,Monday|11:00-21:00
558,T5CdfrZWw-uW9Y5L_sddqQ,Tuesday|11:00-21:00
559,T5CdfrZWw-uW9Y5L_sddqQ,Friday|11:00-22:00
560,T5CdfrZWw-uW9Y5L_sddqQ,Wednesday|11:00-22:00
561,T5CdfrZWw-uW9Y5L_sddqQ,Thursday|11:00-22:00
562,T5CdfrZWw-uW9Y5L_sddqQ,Saturday|12:00-22:00
563,RV_NgH8wT1TuOs2qNt1WDg,Monday|8:00-20:00
564,RV_NgH8wT1TuOs2qNt1WDg,Tuesday|8:00-20:00
565,RV_NgH8wT1TuOs2qNt1WDg,Friday|8:00-20:00
566,RV_NgH8wT1TuOs2qNt1WDg,Wednesday|8:00-20:00
567,RV_NgH8wT1TuOs2qNt1WDg,Thursday|8:00-20:00
568,RV_NgH8wT1TuOs2qNt1WDg,Sunday|10:00-18:00
569,RV_NgH8wT1TuOs2qNt1WDg,Saturday|8:00-20:00
570,5XejqzaFmtkZMstJS5Iy-w,Monday|10:00-15:00
571,5XejqzaFmtkZMstJS5Iy-w,Tuesday|10:00-15:00
572,5XejqzaFmtkZMstJS5Iy-w,Friday|10:00-15:00
573,5XejqzaFmtkZMstJS5Iy-w,Wednesday|10:00-15:00
574,5XejqzaFmtkZMstJS5Iy-w,Thursday|10:00-15:00
575,5XejqzaFmtkZMstJS5Iy-w,Sunday|10:00-15:00
576,5XejqzaFmtkZMstJS5Iy-w,Saturday|10:00-15:00
577,7SBM_0TcfYTs2oMD-vgaQA,Monday|9:00-18:00
578,7SBM_0TcfYTs2oMD-vgaQA,Tuesday|9:00-18:00
579,7SBM_0TcfYTs2oMD-vgaQA,Friday|8:00-18:00
580,7SBM_0TcfYTs2oMD-vgaQA,Wednesday|9:00-18:00
581,7SBM_0TcfYTs2oMD-vgaQA,Thursday|9:00-18:00
582,7SBM_0TcfYTs2oMD-vgaQA,Saturday|8:00-18:00
583,Wpt0sFHcPtV5MO9He7yMKQ,Monday|0:00-0:00
584,Wpt0sFHcPtV5MO9He7yMKQ,Tuesday|0:00-0:00
585,Wpt0sFHcPtV5MO9He7yMKQ,Friday|0:00-0:00
586,Wpt0sFHcPtV5MO9He7yMKQ,Wednesday|0:00-0:00
587,Wpt0sFHcPtV5MO9He7yMKQ,Thursday|0:00-0:00
588,Wpt0sFHcPtV5MO9He7yMKQ,Sunday|0:00-0:00
589,Wpt0sFHcPtV5MO9He7yMKQ,Saturday|0:00-0:00
590,0953KSZ26LmJ7CDacVzpYg,Monday|9:30-22:30
591,0953KSZ26LmJ7CDacVzpYg,Tuesday|9:30-22:30
592,0953KSZ26LmJ7CDacVzpYg,Friday|9:00-22:30
593,0953KSZ26LmJ7CDacVzpYg,Wednesday|9:30-22:30
594,0953KSZ26LmJ7CDacVzpYg,Thursday|9:30-22:30
595,0953KSZ26LmJ7CDacVzpYg,Sunday|9:30-22:30
596,0953KSZ26LmJ7CDacVzpYg,Saturday|9:00-22:30
597,DAG8irsIf0hMsEgDbrOE_A,Monday|11:00-20:00
598,DAG8irsIf0hMsEgDbrOE_A,Tuesday|11:00-20:00
599,DAG8irsIf0hMsEgDbrOE_A,Friday|11:00-20:00
600,DAG8irsIf0hMsEgDbrOE_A,Wednesday|11:00-20:00
601,DAG8irsIf0hMsEgDbrOE_A,Thursday|11:00-20:00
602,DAG8irsIf0hMsEgDbrOE_A,Saturday|11:00-18:00
603,WUiDaFQRZ8wKYGLvmjFjAw,Monday|11:00-21:30
604,WUiDaFQRZ8wKYGLvmjFjAw,Tuesday|11:00-21:30
605,WUiDaFQRZ8wKYGLvmjFjAw,Friday|11:00-22:30
606,WUiDaFQRZ8wKYGLvmjFjAw,Wednesday|11:00-21:30
607,WUiDaFQRZ8wKYGLvmjFjAw,Thursday|11:00-21:30
608,WUiDaFQRZ8wKYGLvmjFjAw,Sunday|11:00-21:30
609,WUiDaFQRZ8wKYGLvmjFjAw,Saturday|11:00-22:30
610,nAFI7JZEhmvUKMKSA_5Chg,Monday|8:00-1:00
611,nAFI7JZEhmvUKMKSA_5Chg,Tuesday|8:00-1:00
612,nAFI7JZEhmvUKMKSA_5Chg,Friday|8:00-3:00
613,nAFI7JZEhmvUKMKSA_5Chg,Wednesday|8:00-1:00
614,nAFI7JZEhmvUKMKSA_5Chg,Thursday|8:00-3:00
615,nAFI7JZEhmvUKMKSA_5Chg,Sunday|9:00-23:00
616,nAFI7JZEhmvUKMKSA_5Chg,Saturday|8:00-3:00
617,5q6Xh-UcJa78bp6dzyaE7w,Monday|6:00-15:00
618,5q6Xh-UcJa78bp6dzyaE7w,Tuesday|6:00-15:00
619,5q6Xh-UcJa78bp6dzyaE7w,Friday|6:00-19:00
620,5q6Xh-UcJa78bp6dzyaE7w,Wednesday|6:00-19:00
621,5q6Xh-UcJa78bp6dzyaE7w,Thursday|6:00-19:00
622,5q6Xh-UcJa78bp6dzyaE7w,Sunday|6:00-15:00
623,5q6Xh-UcJa78bp6dzyaE7w,Saturday|6:00-19:00
624,h2XsV6mR6c7QURhlsi0RqA,Monday|7:00-19:00
625,h2XsV6mR6c7QURhlsi0RqA,Tuesday|7:00-19:00
626,h2XsV6mR6c7QURhlsi0RqA,Friday|7:00-19:00
627,h2XsV6mR6c7QURhlsi0RqA,Wednesday|7:00-19:00
628,h2XsV6mR6c7QURhlsi0RqA,Thursday|7:00-19:00
629,h2XsV6mR6c7QURhlsi0RqA,Sunday|7:00-19:00
630,h2XsV6mR6c7QURhlsi0RqA,Saturday|7:00-19:00
631,MTH-AcNyWfsBa9sXp04HcQ,Monday|10:00-21:00
632,MTH-AcNyWfsBa9sXp04HcQ,Tuesday|10:00-21:00
633,MTH-AcNyWfsBa9sXp04HcQ,Friday|10:00-22:00
634,MTH-AcNyWfsBa9sXp04HcQ,Wednesday|10:00-21:00
635,MTH-AcNyWfsBa9sXp04HcQ,Thursday|10:00-21:00
636,MTH-AcNyWfsBa9sXp04HcQ,Sunday|10:00-21:00
637,MTH-AcNyWfsBa9sXp04HcQ,Saturday|10:00-22:00
638,M5jiUpAuliJtCYOF0cI3wA,Monday|7:30-18:00
639,M5jiUpAuliJtCYOF0cI3wA,Tuesday|7:30-18:00
640,M5jiUpAuliJtCYOF0cI3wA,Friday|7:30-18:00
641,M5jiUpAuliJtCYOF0cI3wA,Wednesday|7:30-18:00
642,M5jiUpAuliJtCYOF0cI3wA,Thursday|7:30-18:00
643,M5jiUpAuliJtCYOF0cI3wA,Saturday|7:30-16:00
644,W1Yr6c2XDx_RBjb6WsV-aQ,Monday|11:00-15:00
645,W1Yr6c2XDx_RBjb6WsV-aQ,Tuesday|11:00-15:00
646,W1Yr6c2XDx_RBjb6WsV-aQ,Friday|11:00-15:00
647,W1Yr6c2XDx_RBjb6WsV-aQ,Wednesday|11:00-15:00
648,W1Yr6c2XDx_RBjb6WsV-aQ,Thursday|16:00-20:00
649,W1Yr6c2XDx_RBjb6WsV-aQ,Sunday|10:00-16:00
650,W1Yr6c2XDx_RBjb6WsV-aQ,Saturday|10:00-16:00
651,OcUVZniPo7CnIG-Tv83XcQ,Friday|8:30-18:00
652,OcUVZniPo7CnIG-Tv83XcQ,Tuesday|8:30-18:00
653,OcUVZniPo7CnIG-Tv83XcQ,Thursday|8:30-18:00
654,OcUVZniPo7CnIG-Tv83XcQ,Wednesday|8:30-18:00
655,OcUVZniPo7CnIG-Tv83XcQ,Monday|8:30-18:00
656,o8cX77mJ1nHMMo0URPS5bg,Monday|10:00-22:00
657,o8cX77mJ1nHMMo0URPS5bg,Tuesday|10:00-22:00
658,o8cX77mJ1nHMMo0URPS5bg,Friday|10:00-22:00
659,o8cX77mJ1nHMMo0URPS5bg,Wednesday|10:00-22:00
660,o8cX77mJ1nHMMo0URPS5bg,Thursday|10:00-22:00
661,o8cX77mJ1nHMMo0URPS5bg,Sunday|10:00-19:00
662,o8cX77mJ1nHMMo0URPS5bg,Saturday|10:00-22:00
663,x5s5yvoI3QFLBZE6JNNhyg,Monday|8:00-21:00
664,x5s5yvoI3QFLBZE6JNNhyg,Tuesday|8:00-21:00
665,x5s5yvoI3QFLBZE6JNNhyg,Friday|8:00-21:00
666,x5s5yvoI3QFLBZE6JNNhyg,Wednesday|8:00-21:00
667,x5s5yvoI3QFLBZE6JNNhyg,Thursday|8:00-21:00
668,x5s5yvoI3QFLBZE6JNNhyg,Saturday|8:00-21:00
669,EXsmUB2mJyJsCpCV-56Ujw,Monday|9:00-21:00
670,EXsmUB2mJyJsCpCV-56Ujw,Tuesday|9:00-21:00
671,EXsmUB2mJyJsCpCV-56Ujw,Friday|9:00-21:00
672,EXsmUB2mJyJsCpCV-56Ujw,Wednesday|9:00-21:00
673,EXsmUB2mJyJsCpCV-56Ujw,Thursday|9:00-21:00
674,EXsmUB2mJyJsCpCV-56Ujw,Sunday|9:00-21:00
675,EXsmUB2mJyJsCpCV-56Ujw,Saturday|9:00-21:00
676,AR6mrWO89rq-ku_t_E71AA,Monday|18:00-3:00
677,AR6mrWO89rq-ku_t_E71AA,Tuesday|18:00-3:00
678,AR6mrWO89rq-ku_t_E71AA,Friday|18:00-3:00
679,AR6mrWO89rq-ku_t_E71AA,Wednesday|18:00-3:00
680,AR6mrWO89rq-ku_t_E71AA,Thursday|18:00-3:00
681,AR6mrWO89rq-ku_t_E71AA,Sunday|18:00-3:00
682,AR6mrWO89rq-ku_t_E71AA,Saturday|18:00-3:00
683,WSZL9uQ9JMOrrulMKEl7Tw,Monday|18:30-0:00
684,WSZL9uQ9JMOrrulMKEl7Tw,Tuesday|18:30-0:00
685,WSZL9uQ9JMOrrulMKEl7Tw,Friday|18:30-1:00
686,WSZL9uQ9JMOrrulMKEl7Tw,Wednesday|18:30-0:00
687,WSZL9uQ9JMOrrulMKEl7Tw,Thursday|18:30-0:00
688,WSZL9uQ9JMOrrulMKEl7Tw,Sunday|13:30-0:00
689,WSZL9uQ9JMOrrulMKEl7Tw,Saturday|13:30-1:00
690,CfEJGhzBFkWKoe-UTT2jiw,Tuesday|10:00-19:00
691,CfEJGhzBFkWKoe-UTT2jiw,Friday|10:00-19:00
692,CfEJGhzBFkWKoe-UTT2jiw,Wednesday|10:00-19:00
693,CfEJGhzBFkWKoe-UTT2jiw,Thursday|10:00-19:00
694,CfEJGhzBFkWKoe-UTT2jiw,Sunday|12:00-17:00
695,CfEJGhzBFkWKoe-UTT2jiw,Saturday|10:00-18:00
696,vzx1WdVivFsaN4QYrez2rw,Monday|8:00-0:00
697,vzx1WdVivFsaN4QYrez2rw,Tuesday|8:00-0:00
698,vzx1WdVivFsaN4QYrez2rw,Friday|8:00-0:00
699,vzx1WdVivFsaN4QYrez2rw,Wednesday|8:00-0:00
700,vzx1WdVivFsaN4QYrez2rw,Thursday|8:00-0:00
701,vzx1WdVivFsaN4QYrez2rw,Sunday|8:00-0:00
702,vzx1WdVivFsaN4QYrez2rw,Saturday|8:00-0:00
703,-McKyjNSqS1h9dDJH3dyUA,Monday|11:00-0:00
704,-McKyjNSqS1h9dDJH3dyUA,Tuesday|11:00-0:00
705,-McKyjNSqS1h9dDJH3dyUA,Friday|11:00-0:00
706,-McKyjNSqS1h9dDJH3dyUA,Wednesday|11:00-0:00
707,-McKyjNSqS1h9dDJH3dyUA,Thursday|11:00-0:00
708,-McKyjNSqS1h9dDJH3dyUA,Sunday|11:00-0:00
709,-McKyjNSqS1h9dDJH3dyUA,Saturday|11:00-0:00
710,y7g-pgAFx37vKytP5oRD0Q,Tuesday|8:00-14:00
711,y7g-pgAFx37vKytP5oRD0Q,Friday|8:00-14:00
712,y7g-pgAFx37vKytP5oRD0Q,Wednesday|8:00-14:00
713,y7g-pgAFx37vKytP5oRD0Q,Thursday|8:00-14:00
714,y7g-pgAFx37vKytP5oRD0Q,Saturday|8:00-14:00
715,aWnASLfWj1G6ptH4SR5RRA,Monday|11:00-23:00
716,aWnASLfWj1G6ptH4SR5RRA,Tuesday|11:00-23:00
717,aWnASLfWj1G6ptH4SR5RRA,Friday|11:00-0:00
718,aWnASLfWj1G6ptH4SR5RRA,Wednesday|11:00-23:00
719,aWnASLfWj1G6ptH4SR5RRA,Thursday|11:00-23:00
720,aWnASLfWj1G6ptH4SR5RRA,Sunday|11:00-23:00
721,aWnASLfWj1G6ptH4SR5RRA,Saturday|11:00-0:00
722,v3tBN6s8BhotnjA7GncQnQ,Monday|7:00-19:30
723,v3tBN6s8BhotnjA7GncQnQ,Tuesday|7:00-19:30
724,v3tBN6s8BhotnjA7GncQnQ,Friday|7:00-19:30
725,v3tBN6s8BhotnjA7GncQnQ,Wednesday|7:00-19:30
726,v3tBN6s8BhotnjA7GncQnQ,Thursday|7:00-19:30
727,v3tBN6s8BhotnjA7GncQnQ,Sunday|9:00-13:00
728,v3tBN6s8BhotnjA7GncQnQ,Saturday|9:00-13:00
729,AVtMhvR_3bhL9VkRrAG6dQ,Friday|6:00-17:00
730,AVtMhvR_3bhL9VkRrAG6dQ,Tuesday|6:00-17:00
731,AVtMhvR_3bhL9VkRrAG6dQ,Thursday|6:00-17:00
732,AVtMhvR_3bhL9VkRrAG6dQ,Wednesday|6:00-17:00
733,AVtMhvR_3bhL9VkRrAG6dQ,Monday|6:00-17:00
734,PJ-VbAtIOso1dqd2frQqqg,Monday|0:00-0:00
735,PJ-VbAtIOso1dqd2frQqqg,Tuesday|0:00-0:00
736,PJ-VbAtIOso1dqd2frQqqg,Friday|0:00-0:00
737,PJ-VbAtIOso1dqd2frQqqg,Wednesday|0:00-0:00
738,PJ-VbAtIOso1dqd2frQqqg,Thursday|0:00-0:00
739,PJ-VbAtIOso1dqd2frQqqg,Sunday|0:00-0:00
740,PJ-VbAtIOso1dqd2frQqqg,Saturday|0:00-0:00
741,JmKgz6n7zn24F-WkgT-kiA,Monday|11:00-20:00
742,JmKgz6n7zn24F-WkgT-kiA,Tuesday|11:00-20:00
743,JmKgz6n7zn24F-WkgT-kiA,Friday|11:00-20:00
744,JmKgz6n7zn24F-WkgT-kiA,Wednesday|11:00-20:00
745,JmKgz6n7zn24F-WkgT-kiA,Thursday|11:00-20:00
746,JmKgz6n7zn24F-WkgT-kiA,Saturday|11:00-20:00
747,DCQ3qzzmsm1JZxvW8-bCgQ,Monday|9:00-18:00
748,DCQ3qzzmsm1JZxvW8-bCgQ,Tuesday|9:00-18:00
749,DCQ3qzzmsm1JZxvW8-bCgQ,Friday|9:00-18:00
750,DCQ3qzzmsm1JZxvW8-bCgQ,Wednesday|9:00-18:00
751,DCQ3qzzmsm1JZxvW8-bCgQ,Thursday|9:00-18:00
752,DCQ3qzzmsm1JZxvW8-bCgQ,Sunday|10:00-19:00
753,DCQ3qzzmsm1JZxvW8-bCgQ,Saturday|9:00-18:00
754,EiZYdEo9p2K6r6CnZ5gqsw,Monday|0:00-0:00
755,EiZYdEo9p2K6r6CnZ5gqsw,Tuesday|0:00-0:00
756,EiZYdEo9p2K6r6CnZ5gqsw,Friday|0:00-0:00
757,EiZYdEo9p2K6r6CnZ5gqsw,Wednesday|0:00-0:00
758,EiZYdEo9p2K6r6CnZ5gqsw,Thursday|0:00-0:00
759,EiZYdEo9p2K6r6CnZ5gqsw,Sunday|0:00-0:00
760,EiZYdEo9p2K6r6CnZ5gqsw,Saturday|0:00-0:00
761,bA21m-qbgN_GNR6g-AlfYw,Monday|10:45-21:30
762,bA21m-qbgN_GNR6g-AlfYw,Tuesday|10:45-21:45
763,bA21m-qbgN_GNR6g-AlfYw,Friday|10:45-22:30
764,bA21m-qbgN_GNR6g-AlfYw,Wednesday|10:45-21:45
765,bA21m-qbgN_GNR6g-AlfYw,Thursday|10:45-21:45
766,bA21m-qbgN_GNR6g-AlfYw,Sunday|10:45-22:30
767,bA21m-qbgN_GNR6g-AlfYw,Saturday|10:30-22:30
768,lZ18HyZhfrrN_VAJIpyhxQ,Monday|10:00-20:00
769,lZ18HyZhfrrN_VAJIpyhxQ,Tuesday|10:00-20:00
770,lZ18HyZhfrrN_VAJIpyhxQ,Friday|10:00-20:00
771,lZ18HyZhfrrN_VAJIpyhxQ,Wednesday|10:00-20:00
772,lZ18HyZhfrrN_VAJIpyhxQ,Thursday|10:00-20:00
773,lZ18HyZhfrrN_VAJIpyhxQ,Sunday|11:00-17:00
774,lZ18HyZhfrrN_VAJIpyhxQ,Saturday|10:00-18:00
775,pOyt4Fon5n783Jc-hrSq-A,Monday|10:00-19:00
776,pOyt4Fon5n783Jc-hrSq-A,Tuesday|10:00-19:00
777,pOyt4Fon5n783Jc-hrSq-A,Friday|10:00-19:00
778,pOyt4Fon5n783Jc-hrSq-A,Wednesday|10:00-19:00
779,pOyt4Fon5n783Jc-hrSq-A,Thursday|10:00-19:00
780,pOyt4Fon5n783Jc-hrSq-A,Saturday|10:00-18:00
781,sG3jr8wLMpncvwvu8JM1Dw,Monday|10:00-18:00
782,sG3jr8wLMpncvwvu8JM1Dw,Tuesday|10:00-18:00
783,sG3jr8wLMpncvwvu8JM1Dw,Friday|10:00-21:00
784,sG3jr8wLMpncvwvu8JM1Dw,Wednesday|10:00-18:00
785,sG3jr8wLMpncvwvu8JM1Dw,Thursday|10:00-21:00
786,sG3jr8wLMpncvwvu8JM1Dw,Saturday|10:00-17:00
787,d7AtQMYDUh40DeJinidFNQ,Monday|9:00-21:00
788,d7AtQMYDUh40DeJinidFNQ,Tuesday|9:00-21:00
789,d7AtQMYDUh40DeJinidFNQ,Friday|9:00-21:00
790,d7AtQMYDUh40DeJinidFNQ,Wednesday|9:00-21:00
791,d7AtQMYDUh40DeJinidFNQ,Thursday|9:00-21:00
792,d7AtQMYDUh40DeJinidFNQ,Sunday|9:00-21:00
793,d7AtQMYDUh40DeJinidFNQ,Saturday|9:00-21:00
794,aLM-0HupwCE5r7bMIcQ2TQ,Monday|7:30-17:00
795,aLM-0HupwCE5r7bMIcQ2TQ,Tuesday|7:30-17:00
796,aLM-0HupwCE5r7bMIcQ2TQ,Friday|7:30-17:00
797,aLM-0HupwCE5r7bMIcQ2TQ,Wednesday|7:30-17:00
798,aLM-0HupwCE5r7bMIcQ2TQ,Thursday|7:30-17:00
799,aLM-0HupwCE5r7bMIcQ2TQ,Saturday|7:30-12:00
800,cYuGJKCCazgCnsGGlBxaEQ,Monday|8:00-17:00
801,cYuGJKCCazgCnsGGlBxaEQ,Tuesday|8:00-17:00
802,cYuGJKCCazgCnsGGlBxaEQ,Friday|8:00-17:00
803,cYuGJKCCazgCnsGGlBxaEQ,Wednesday|8:00-17:00
804,cYuGJKCCazgCnsGGlBxaEQ,Thursday|8:00-17:00
805,cYuGJKCCazgCnsGGlBxaEQ,Sunday|9:00-15:00
806,cYuGJKCCazgCnsGGlBxaEQ,Saturday|8:00-16:00
807,vIAQV1_p48AsKP-B9iULwg,Monday|10:00-18:00
808,vIAQV1_p48AsKP-B9iULwg,Tuesday|10:00-19:00
809,vIAQV1_p48AsKP-B9iULwg,Friday|10:00-16:00
810,vIAQV1_p48AsKP-B9iULwg,Wednesday|10:00-18:00
811,vIAQV1_p48AsKP-B9iULwg,Thursday|10:00-19:00
812,vIAQV1_p48AsKP-B9iULwg,Saturday|10:00-16:00
813,UlI0TksGFiIXtcbtg2KalQ,Monday|8:00-1:00
814,UlI0TksGFiIXtcbtg2KalQ,Tuesday|8:00-1:00
815,UlI0TksGFiIXtcbtg2KalQ,Friday|8:00-1:00
816,UlI0TksGFiIXtcbtg2KalQ,Wednesday|8:00-1:00
817,UlI0TksGFiIXtcbtg2KalQ,Thursday|8:00-1:00
818,UlI0TksGFiIXtcbtg2KalQ,Sunday|8:00-0:00
819,UlI0TksGFiIXtcbtg2KalQ,Saturday|8:00-1:00
820,Kul8tFT48hZQJkeNK5jLBQ,Monday|6:00-5:30
821,Kul8tFT48hZQJkeNK5jLBQ,Tuesday|6:00-5:30
822,Kul8tFT48hZQJkeNK5jLBQ,Friday|6:00-5:30
823,Kul8tFT48hZQJkeNK5jLBQ,Wednesday|6:00-5:30
824,Kul8tFT48hZQJkeNK5jLBQ,Thursday|6:00-5:30
825,Kul8tFT48hZQJkeNK5jLBQ,Sunday|6:00-5:30
826,Kul8tFT48hZQJkeNK5jLBQ,Saturday|6:00-5:30
827,mLP-jIIRdoaYM7fJqqFurw,Monday|11:00-23:00
828,mLP-jIIRdoaYM7fJqqFurw,Tuesday|11:00-23:00
829,mLP-jIIRdoaYM7fJqqFurw,Friday|11:00-0:00
830,mLP-jIIRdoaYM7fJqqFurw,Wednesday|11:00-23:00
831,mLP-jIIRdoaYM7fJqqFurw,Thursday|11:00-23:00
832,mLP-jIIRdoaYM7fJqqFurw,Sunday|11:00-23:00
833,mLP-jIIRdoaYM7fJqqFurw,Saturday|11:00-0:00
834,GDOAg680Gmi6S1MlhU7B1g,Monday|7:00-3:00
835,GDOAg680Gmi6S1MlhU7B1g,Tuesday|7:00-3:00
836,GDOAg680Gmi6S1MlhU7B1g,Friday|7:00-4:00
837,GDOAg680Gmi6S1MlhU7B1g,Wednesday|7:00-3:00
838,GDOAg680Gmi6S1MlhU7B1g,Thursday|7:00-3:00
839,GDOAg680Gmi6S1MlhU7B1g,Sunday|7:00-3:00
840,GDOAg680Gmi6S1MlhU7B1g,Saturday|7:00-4:00
841,2v-8QQfMLX2PCz-0S6gISQ,Monday|10:30-0:00
842,2v-8QQfMLX2PCz-0S6gISQ,Tuesday|10:30-0:00
843,2v-8QQfMLX2PCz-0S6gISQ,Friday|10:30-2:00
844,2v-8QQfMLX2PCz-0S6gISQ,Wednesday|10:30-0:00
845,2v-8QQfMLX2PCz-0S6gISQ,Thursday|10:30-0:00
846,2v-8QQfMLX2PCz-0S6gISQ,Sunday|10:30-0:00
847,2v-8QQfMLX2PCz-0S6gISQ,Saturday|10:30-2:00
848,t8yi2l7pZF43Rlf9_lHdDA,Monday|11:00-22:00
849,t8yi2l7pZF43Rlf9_lHdDA,Tuesday|11:00-23:00
850,t8yi2l7pZF43Rlf9_lHdDA,Friday|11:00-0:00
851,t8yi2l7pZF43Rlf9_lHdDA,Wednesday|11:00-23:00
852,t8yi2l7pZF43Rlf9_lHdDA,Thursday|11:00-23:00
853,t8yi2l7pZF43Rlf9_lHdDA,Sunday|0:00-21:00
854,t8yi2l7pZF43Rlf9_lHdDA,Saturday|12:00-0:00
855,XSrN9gtLHC8MtUnSobZfDQ,Monday|10:00-22:00
856,XSrN9gtLHC8MtUnSobZfDQ,Tuesday|10:00-22:00
857,XSrN9gtLHC8MtUnSobZfDQ,Friday|10:00-0:00
858,XSrN9gtLHC8MtUnSobZfDQ,Wednesday|10:00-22:00
859,XSrN9gtLHC8MtUnSobZfDQ,Thursday|10:00-23:00
860,XSrN9gtLHC8MtUnSobZfDQ,Sunday|12:00-20:00
861,XSrN9gtLHC8MtUnSobZfDQ,Saturday|10:00-0:00
862,5GAXZ7gJ81TSR0-Q6AMp_A,Monday|10:30-18:00
863,5GAXZ7gJ81TSR0-Q6AMp_A,Tuesday|10:30-18:00
864,5GAXZ7gJ81TSR0-Q6AMp_A,Friday|10:30-19:00
865,5GAXZ7gJ81TSR0-Q6AMp_A,Wednesday|10:30-18:00
866,5GAXZ7gJ81TSR0-Q6AMp_A,Thursday|10:30-19:00
867,5GAXZ7gJ81TSR0-Q6AMp_A,Saturday|11:00-17:00
868,HyE2qiMaz7HMJWDhunHA4A,Friday|9:00-17:00
869,HyE2qiMaz7HMJWDhunHA4A,Tuesday|9:00-17:00
870,HyE2qiMaz7HMJWDhunHA4A,Thursday|9:00-17:00
871,HyE2qiMaz7HMJWDhunHA4A,Wednesday|9:00-17:00
872,HyE2qiMaz7HMJWDhunHA4A,Monday|9:00-17:00
873,Q1MzgzH263RgYX4TU4xQ2Q,Monday|12:00-17:00
874,Q1MzgzH263RgYX4TU4xQ2Q,Tuesday|12:00-17:00
875,Q1MzgzH263RgYX4TU4xQ2Q,Friday|12:00-17:00
876,Q1MzgzH263RgYX4TU4xQ2Q,Wednesday|12:00-17:00
877,Q1MzgzH263RgYX4TU4xQ2Q,Thursday|12:00-17:00
878,Q1MzgzH263RgYX4TU4xQ2Q,Saturday|12:00-17:00
879,kyXEnWKQGWSThY6EcjORuw,Monday|11:00-22:00
880,kyXEnWKQGWSThY6EcjORuw,Tuesday|11:00-22:00
881,kyXEnWKQGWSThY6EcjORuw,Friday|11:00-22:00
882,kyXEnWKQGWSThY6EcjORuw,Wednesday|11:00-22:00
883,kyXEnWKQGWSThY6EcjORuw,Thursday|11:00-22:00
884,kyXEnWKQGWSThY6EcjORuw,Sunday|11:00-22:00
885,kyXEnWKQGWSThY6EcjORuw,Saturday|11:00-22:00
886,M3uV9Y3EDSpy9d4YwyNSAQ,Tuesday|16:00-23:00
887,M3uV9Y3EDSpy9d4YwyNSAQ,Friday|16:00-0:00
888,M3uV9Y3EDSpy9d4YwyNSAQ,Wednesday|16:00-23:00
889,M3uV9Y3EDSpy9d4YwyNSAQ,Thursday|16:00-23:00
890,M3uV9Y3EDSpy9d4YwyNSAQ,Sunday|16:00-23:00
891,M3uV9Y3EDSpy9d4YwyNSAQ,Saturday|16:00-0:00
892,swZaqSjwq4UF8QhEtacx5A,Monday|8:00-21:00
893,swZaqSjwq4UF8QhEtacx5A,Tuesday|8:00-21:00
894,swZaqSjwq4UF8QhEtacx5A,Friday|8:00-21:00
895,swZaqSjwq4UF8QhEtacx5A,Wednesday|8:00-21:00
896,swZaqSjwq4UF8QhEtacx5A,Thursday|8:00-21:00
897,swZaqSjwq4UF8QhEtacx5A,Sunday|8:00-21:00
898,swZaqSjwq4UF8QhEtacx5A,Saturday|8:00-21:00
899,1cLXGXThDYZ5WK_KpBLtkw,Monday|9:00-20:00
900,1cLXGXThDYZ5WK_KpBLtkw,Friday|9:00-20:00
901,1cLXGXThDYZ5WK_KpBLtkw,Wednesday|9:00-20:00
902,1cLXGXThDYZ5WK_KpBLtkw,Thursday|9:00-20:00
903,1cLXGXThDYZ5WK_KpBLtkw,Sunday|9:00-20:00
904,1cLXGXThDYZ5WK_KpBLtkw,Saturday|9:00-20:00
905,KVPGEIZb0i5EBYOrlMOziQ,Monday|6:00-0:00
906,KVPGEIZb0i5EBYOrlMOziQ,Tuesday|6:00-0:00
907,KVPGEIZb0i5EBYOrlMOziQ,Friday|6:00-0:00
908,KVPGEIZb0i5EBYOrlMOziQ,Wednesday|6:00-0:00
909,KVPGEIZb0i5EBYOrlMOziQ,Thursday|6:00-0:00
910,KVPGEIZb0i5EBYOrlMOziQ,Sunday|6:00-0:00
911,KVPGEIZb0i5EBYOrlMOziQ,Saturday|6:00-0:00
912,onb5syYKz4Wf3cwQWuqv1A,Monday|10:00-18:00
913,onb5syYKz4Wf3cwQWuqv1A,Tuesday|10:00-18:00
914,onb5syYKz4Wf3cwQWuqv1A,Friday|10:00-18:00
915,onb5syYKz4Wf3cwQWuqv1A,Wednesday|10:00-18:00
916,onb5syYKz4Wf3cwQWuqv1A,Thursday|10:00-18:00
917,onb5syYKz4Wf3cwQWuqv1A,Saturday|10:00-18:00
918,7m9ux0KgTe2NwUU0XA_9xQ,Monday|7:30-17:00
919,7m9ux0KgTe2NwUU0XA_9xQ,Tuesday|7:30-17:00
920,7m9ux0KgTe2NwUU0XA_9xQ,Friday|7:30-17:00
921,7m9ux0KgTe2NwUU0XA_9xQ,Wednesday|7:30-17:00
922,7m9ux0KgTe2NwUU0XA_9xQ,Thursday|7:30-17:00
923,7m9ux0KgTe2NwUU0XA_9xQ,Saturday|7:30-16:00
924,4SBY4CHiMD8YOCEU9_fdnw,Monday|8:00-19:00
925,4SBY4CHiMD8YOCEU9_fdnw,Tuesday|8:00-19:00
926,4SBY4CHiMD8YOCEU9_fdnw,Friday|8:00-19:00
927,4SBY4CHiMD8YOCEU9_fdnw,Wednesday|8:00-19:00
928,4SBY4CHiMD8YOCEU9_fdnw,Thursday|8:00-19:00
929,4SBY4CHiMD8YOCEU9_fdnw,Saturday|10:00-18:00
930,JdzoBklGL66IPFxGkJ2lQA,Tuesday|10:00-19:00
931,JdzoBklGL66IPFxGkJ2lQA,Friday|10:00-20:00
932,JdzoBklGL66IPFxGkJ2lQA,Wednesday|10:00-19:00
933,JdzoBklGL66IPFxGkJ2lQA,Thursday|10:00-19:00
934,JdzoBklGL66IPFxGkJ2lQA,Sunday|10:00-17:00
935,JdzoBklGL66IPFxGkJ2lQA,Saturday|10:00-20:00
936,Muk-jU2W2x1D__h0pCXhbw,Monday|0:00-0:00
937,Muk-jU2W2x1D__h0pCXhbw,Tuesday|0:00-0:00
938,Muk-jU2W2x1D__h0pCXhbw,Friday|0:00-0:00
939,Muk-jU2W2x1D__h0pCXhbw,Wednesday|0:00-0:00
940,Muk-jU2W2x1D__h0pCXhbw,Thursday|0:00-0:00
941,Muk-jU2W2x1D__h0pCXhbw,Sunday|0:00-0:00
942,Muk-jU2W2x1D__h0pCXhbw,Saturday|0:00-0:00
943,JX3ivaSLYcAmDS0HmLOxiA,Tuesday|8:00-17:00
944,JX3ivaSLYcAmDS0HmLOxiA,Friday|8:00-17:00
945,JX3ivaSLYcAmDS0HmLOxiA,Wednesday|8:00-17:00
946,JX3ivaSLYcAmDS0HmLOxiA,Thursday|8:00-17:00
947,JX3ivaSLYcAmDS0HmLOxiA,Saturday|8:00-16:00
948,JsQ_hJoHzEcXp209LI1t_g,Monday|8:00-0:00
949,JsQ_hJoHzEcXp209LI1t_g,Tuesday|8:00-0:00
950,JsQ_hJoHzEcXp209LI1t_g,Friday|8:00-0:00
951,JsQ_hJoHzEcXp209LI1t_g,Wednesday|8:00-0:00
952,JsQ_hJoHzEcXp209LI1t_g,Thursday|8:00-0:00
953,JsQ_hJoHzEcXp209LI1t_g,Sunday|8:00-0:00
954,JsQ_hJoHzEcXp209LI1t_g,Saturday|8:00-0:00
955,LOeVGnlOti05f86ZZbgY7Q,Friday|8:00-17:00
956,LOeVGnlOti05f86ZZbgY7Q,Tuesday|8:00-17:00
957,LOeVGnlOti05f86ZZbgY7Q,Thursday|8:00-17:00
958,LOeVGnlOti05f86ZZbgY7Q,Wednesday|8:00-17:00
959,LOeVGnlOti05f86ZZbgY7Q,Monday|8:00-17:00
960,nSD-uxCMb745bH3dxoko9Q,Monday|7:00-1:30
961,nSD-uxCMb745bH3dxoko9Q,Tuesday|7:00-1:30
962,nSD-uxCMb745bH3dxoko9Q,Friday|7:00-2:30
963,nSD-uxCMb745bH3dxoko9Q,Wednesday|7:00-1:30
964,nSD-uxCMb745bH3dxoko9Q,Thursday|7:00-1:30
965,nSD-uxCMb745bH3dxoko9Q,Sunday|7:00-1:30
966,nSD-uxCMb745bH3dxoko9Q,Saturday|7:00-2:30
967,stDINY-WbudvOK9kfCX9Hw,Monday|10:00-21:00
968,stDINY-WbudvOK9kfCX9Hw,Tuesday|10:00-21:00
969,stDINY-WbudvOK9kfCX9Hw,Friday|10:00-21:00
970,stDINY-WbudvOK9kfCX9Hw,Wednesday|10:00-21:00
971,stDINY-WbudvOK9kfCX9Hw,Thursday|10:00-21:00
972,stDINY-WbudvOK9kfCX9Hw,Sunday|11:00-18:00
973,stDINY-WbudvOK9kfCX9Hw,Saturday|10:00-21:00
974,rasO0zMTS6uw-LX9IFbfSw,Monday|0:00-0:00
975,rasO0zMTS6uw-LX9IFbfSw,Tuesday|0:00-0:00
976,rasO0zMTS6uw-LX9IFbfSw,Friday|0:00-0:00
977,rasO0zMTS6uw-LX9IFbfSw,Wednesday|0:00-0:00
978,rasO0zMTS6uw-LX9IFbfSw,Thursday|0:00-0:00
979,rasO0zMTS6uw-LX9IFbfSw,Sunday|0:00-0:00
980,rasO0zMTS6uw-LX9IFbfSw,Saturday|0:00-0:00
981,NXoGguzSd3DrsaGRIQXLpg,Monday|7:30-17:00
982,NXoGguzSd3DrsaGRIQXLpg,Tuesday|7:30-17:00
983,NXoGguzSd3DrsaGRIQXLpg,Friday|7:30-19:00
984,NXoGguzSd3DrsaGRIQXLpg,Wednesday|7:30-17:00
985,NXoGguzSd3DrsaGRIQXLpg,Thursday|7:30-19:00
986,NXoGguzSd3DrsaGRIQXLpg,Saturday|7:30-17:00
987,2eU7ltXoQ2U7SyLhuY9Vxw,Tuesday|11:00-19:00
988,2eU7ltXoQ2U7SyLhuY9Vxw,Friday|11:00-19:00
989,2eU7ltXoQ2U7SyLhuY9Vxw,Wednesday|11:00-19:00
990,2eU7ltXoQ2U7SyLhuY9Vxw,Thursday|11:00-19:00
991,2eU7ltXoQ2U7SyLhuY9Vxw,Sunday|11:00-19:00
992,2eU7ltXoQ2U7SyLhuY9Vxw,Saturday|11:00-19:00
993,2Hv5ELUYvnkZtCLZaBhTcw,Sunday|10:00-11:30
994,2Hv5ELUYvnkZtCLZaBhTcw,Friday|18:30-21:00
995,2Hv5ELUYvnkZtCLZaBhTcw,Wednesday|18:30-20:30
996,bXuHmdgo3DM7JIYNXN4Ndg,Monday|10:00-16:00
997,bXuHmdgo3DM7JIYNXN4Ndg,Tuesday|10:00-16:00
998,bXuHmdgo3DM7JIYNXN4Ndg,Friday|10:00-16:00
999,bXuHmdgo3DM7JIYNXN4Ndg,Wednesday|10:00-16:00
1000,bXuHmdgo3DM7JIYNXN4Ndg,Thursday|10:00-16:00
