id,business_id,caption,label
---SnSf4OfUFfJmCxw1DZA,XQ0RIDqgnkXueL6y1CY3Cg,,food
--0uqWanwN31OkuuwJ1zjQ,XIg92ukZJn_1aiNx0OmusQ,"Le Gadboi: Poutine with pogos and onion rings.",food
--3gCyYz0Eo3r07tAvUbhg,VeiL_tgw7dsl-7IcnOsh0g,"Their OMAKASE is AMAZING!!!!! Very recommended",food
--3vR19cePIkGQBgcLsQkw,If6Bku2jkgPiikR6HBu-XQ,"Big steak omelette",food
--7InqXrxwFUY6-ePZILpQ,QJatAcxYgK1Zp9BRZMAx7g,,food
--9fNU-8m06bbXM3jIha_w,ICdoTODBaprN0UReete9VQ,"Chocolate Cake 08/12/17 @endoedibles on Instagram for more",food
--a8uNdcCabbj7HuhX9bVQ,C9xw2AkDMtWMQ3sIDo98aA,"Garlic Sauce with Pork",food
--Ae-P_qjpFDgaQHj2nauw,eKznX8VTfcQrjCqXpeobiw,,food
--Be9sfiHG00D6eWN3jcpg,X3UyZfplYAXdSJpWPaxUIA,"From website. Desperately want this...now!",food
--cBCIMbf6bu7_1t17PzgQ,DQXz0VTP6n14gKrop8xVvw,"Inside mid afternoon.",inside
--CTOdfZ8W5_5n8LePlIpg,24UDZTAMDUaugpkchFk60w,"This was the winner--fish and veggies were excellent, Mac-n-cheese, not so much",food
--cVXmD-VlTB5dw6MjSQew,tzEMKoLQY-ZEE6r0FO_OgA,"Breakfast on the patio at the Henhouse Cafe with Saint Carmen.  Today is her Saint celebration day in Spain!",inside
--daSIW0JaPBNaJIC0-p8A,sH3UsolKjik01u0HlQ9_0Q,"Enchiladas poblanos.",food
--DpaHUw76HtjHogXfLXnA,SJU-jRAZS0cXoBGUjX5GUg,"Crab fried rice",food
--F3tlcMVkMs9Bf7auWL0g,xjBvbDmbsA0VX-vA55SbAA,"Open bar and dining area with comfy seating",inside
--Fnqhqy36ck7684WwNvFQ,gMUAn6xcuE-TbY1seFw_Ww,,food
--FRLZTnHZpdIsUGTTpv_A,JXiOlujB1i7aZvkNJ9xpzQ,"Main Dining Area",inside
--fUE1CMj62U1Dc6SBugjg,82hYL5WPQpvxg8ekDsB83A,,food
--GxTabLHDiUMpwUntf03A,cSSgeQQOz2modfT7zTHJHQ,"Storefront - Courtesy of Foodies Inked.",outside
--GzO8rojTrDTa2UYzglSA,1saLPYnNZsNKBl-rJPcmqg,"We Are Wearables Toronto - Aug 1 event at House of VR",inside
--hsN4HeWjWIWDiUhWNNFA,Gu8D1YoKErqVNNX00qkEaw,,food
--ifyOhCW51WtECbrsEbbA,AKBSPjk_H_w8RCqCE_vUuA,"Shrimp and avocado salad !",food
--iJGpyJEg-steFWlzJUpg,PFAvETr4Vf6UY548TWvhFA,,inside
--IMSjV2p_zmX93Dah-xXw,owxcYAUca_6K6BAUX4V48w,,inside
--je29Go4V-WYQw0TvtypA,BjrKNWhtQkedHw8hP_0Bjg,"Salmon skin hand roll",food
--KVJOqUVLdovmzADeczlw,366NwqHwhOic5pBN1DjmDQ,,inside
--l05pUFhoAXUjcIAIDJog,7fxebHYUwIF6CakxSr70iQ,"Mascarpone Panna Cotta w/Blueberry Sauce",food
--L0jp6wBWljsGRtVRjohA,jspgVJaiyobeUq6EMhmO-w,"Adult only Bar.",inside
--l3Dsfw0AASV6546OfDUQ,p7POIbP8XAGkaYa0W9SyOw,"Pho Beef Banh Mi",food
--LJFbGtg5dotMjVk8mx0w,y769FA7VJOW4QQYdYlR62A,"Chef Shahir Massoud",inside
--lNcMdyGLKfSzVMiNf15A,mlCDsdVFuZvRGrJTfQ6amw,,food
--lzNOsnvmQd9kYhhi15qQ,cu0Ig3kb9WymVIzjC8Xk2w,,inside
--mt9FoGA-S2U9qe71N_jw,RESDUcs7fIiihp38-d6_6g,,food
--n9cI3ZyfJ17TlriF4Ayw,eUuKXhloFVHdQsLdodcLbw,"Parsley Fries with House Special Sauce",food
--nKdj5h1rRIaLVGd3k8Vw,9UVkAmyodpaSBm49DBKFNw,,food
--oPtT86EwzjHZi-7cGh5Q,TATCbqRSFNkmC_xNvNmmUA,"Yet another  great  chefs sashimi",food
--Ou7FtsS3UaW4JbQwpmTw,NoF90rswXBHESSyDaWeKKA,"Tap list",inside
--PanEUFqYzGKmOEIsOCMQ,IWOQNyRqWrnqQA5K49eK5g,,outside
--pDPBUXP7_LLjyFTOPc7w,TG-5UF3tHSP9xSq5L6b1Zg,"Interior decor (pulled from their Facebook).",inside
--QpjIdUlgsCrTVGH4toBQ,B01pO_pI_8AOfEsukGNg-Q,,inside
--QRwrvVBu_iUs0N9e9xPw,BBJ6Y9Kb2-luoBFBfc8o9w,,food
--qzwAPPfWRwKXw2zWdeNg,TfabYPasZ1oOMN6JLa-yvw,"Really nice food!",food
--Riyl_16GvDIE2GXwawnQ,r3pcA3Ux25v6RhbeoZWHRA,,food
--To01d-Fx16mIhlHrZ0ZA,ivbMuKOwwX2B70gFggzT-g,"Caesar Salad. Parmesan cheese, Applewood-smoked bacon, original house-made dressing, topped with hand-cut croutons",food
--tU86daABqrbazZXdigRw,Xg5qEQiB-7L6kGJ5F4K3bQ,"Standing in line, best bbq I've had in a long time. Thanks. Yelpers",outside
--UVKrDZrcG_vhXfEQdGHQ,taHfilUl29TDeggkNIk0ww,,food
--vvAbhAtqr87z3Ma1fu0Q,7j4JCwpULz9oYb2eQb2dNg,,food
--wQaoEQTvMz2G8p7nBzhg,0Xr0kte9ADAfZ-GBO-wimg,"from Le Saint Tropez Restaurant website",food
--xcwUiMdIDbGL5f2dCcHw,gHoP4eJimaMltfUlp6EP4Q,,food
--Xm_ZoR3M6shWaD2xc5sg,8D0riP6OYLoQ_pPE7Q2MNQ,,food
--zzTuoERiSLBObCuKsCWQ,xIbtbAJLWLNZcqfqF4f-Nw,"Lumberyard Pilsner",drink
--_spZeeUYKznNd11579dw,QuybD_bJcAB2CHcpTfREYg,,outside
-01Q0qm_TKwtMwm_7cTgQg,744U45t4T97Q-0wqrsmKog,,inside
-02MQ0bJMkx6eD1s4PARyA,1lReBAd4iLe0rBLKiurw7Q,"Rice roll with dried and minced pork and fried dough stick",food
-02YiQA85oCx0_TobUkUUA,APRp233sygej2YesZtrgbQ,"This was added in after their revival on FoodNetwork.",inside
-03ad__GtOlSTHqdaq3uCA,rbywwnfMjFjJwLQkgpdIEw,,menu
-03fDUc0OVSE8xkeIZf8zA,Ih5Q1cNDLchhi1FqqTwrag,"Back dining area",inside
-08MBJ19sKgmsLRCZ2W-Sw,A6bnXx1see4yZSaVVCVDyw,,inside
-08onT9VQVcxApNIrQzMuw,i40pCeg6QG5CsAvP0Vp0Xg,,inside
-09F6MQpQTXrhvkMY1Ifhw,Y9b6C7t3iPDFshuezseU6A,"Double Chicken California - New Layered Avocado Salad",food
-0A2MIUFjOWKHspyPzRr4g,oUX2bYbqjqST-urKbOHG6w,,inside
-0C0BpSlj6z-MOPjalthQA,p5PRvPUhJrA-QHhm5xOU7Q,"Fresh all day long !",inside
-0CiOMM13uhTXNGB7bbP_g,nNqQgldcRBkKpjikX9ENNw,,outside
-0cLSwqBZH9tGCbAf9D44w,Hv3iuAYsoF2FjH0ND9rIKg,"Raspberry Mango single layer cake. Beautiful! The icing/writing did bleed onto the ribbon.",food
-0cLVmqBjP-CyQdfncHiqw,QIcXq4Z3_2lvg9rmmoGF-A,,food
-0cYRzfhSZGNHR1mBQOFeA,WSAN2er3DhaZ8ybNStxCbw,,outside
-0edZcGMUhqqjoZHT-6FiQ,JdqSgTOP98XScttH-25nVA,"Entrance area.",inside
-0eje89y-_EACmitfJxBmQ,LPCFfrQow0kl7EABuM7VDA,"Combo for 2(Sushi + Rolls)",food
-0eoOuz85e-xG2aOsvG8xw,RESDUcs7fIiihp38-d6_6g,,food
-0eprHXI9VkE8rZUuEVoXA,tPyKZPLJ-Wrm4CrEJbxFuA,Inside,inside
-0ewGFx2tqWWN4xWAVd5Tw,xaqW4NkmUCGRRjmLxiFJ6Q,"Sugar Cane Juice",drink
-0EWkrAahKl87oyOLSsbWg,YnmtUJGqQIQL9tz1MRyfqA,,food
-0fcbhRlNDzRPbtHTqSf3g,1mJHjc4Btj2RejTt0-8FEA,"Nino's Garlic Bread",food
-0fSTpvpIP78YoGo19RYyQ,rJdEbOWNfAELa0YETWf9Lg,"Dining Room",inside
-0fzr1jyxY2VzRdirdSR_A,iGEvDk6hsizigmXhDKs2Vg,,food
-0f_ii6iImr32z9GMEM5xA,-yQHIYKXH3HAdhh1W52OMQ,Inside,inside
-0HSPuUE3xm9eU-t3IWv2w,VkEGJmVgi7TOU6ZDi6piTQ,,inside
-0idwXN4pepYvTCMae37wA,ZXMlmZgdzhEYWQgJKduSGA,"Appetizer of salad, sheekh kabab, veggie pakora",food
-0iFUioZSVdNH2_VPUyRZQ,UlAUTA0hVi48_k73HSeyzw,"One of the Indoor Dining Areas",inside
-0ImnJ0jlZyYPIxX_3T-Tw,RhEvP5flF6KoPriMHmVYGg,,inside
-0j0lg0GPMay65zBFHxreA,B_WggEKFq-ZFNui8CHPYvA,"under construction but still open !",outside
-0J23fsL_xWU72em7qr6Fg,80Lkm305ZOkQdMEIvOy_lw,"Cheesy Mac Bites - Beer Batter, Ranch Dip (interior)",food
-0JCkDNwhfSmGPUl3k0lnQ,3MutZJ4mfM3Ds450rbpMiw,,inside
-0JodhHzxFIIs1kp5RYN-Q,3cAy1gxlprn1ue0q3L_ziw,"Nice but not really the sesame paste cold noodle",food
-0kXg4c4LUhNSTXvMSzbJw,iHoJViTxMmIpoMlx3lqtxg,,food
-0n5z5k91D5RTWSfYzEQQw,fM4bmkEW-4s3QTT1oKVlKw,"Newly opened patio summer 2015!",outside
-0NQqtWG7ZWj8PflsG-TRg,fGhdqf7rkSuW7UxJeyZiTw,,food
-0NSfpjPkji1F7fKBP4GPQ,YPpfR8oU_e82sc17aPnRwA,,outside
-0O4KpJYHiRLVfhXgRQh_A,cYwJA2A6I12KNkm2rtXd5g,Amazing!,inside
-0o5hg4dTuEwdHeDonllcA,s0UcfGpvOwoGERpvMGSi8w,,food
-0pqduPMB-JM4L_v__jsug,YBOG_eLbyAqLAzrePSLjlg,,drink
-0PXau6FRi8m0sUMPQ1Tjg,2DwcTaohGZtx9mepDXmMPg,,food
-0p_sckrRkxWEjmOotmF0A,LR1JNvpNrx2N4HNAyhHvrg,,inside
-0Q9tUPPzDjmRojo9WiZEg,h5pqhSb74UeLNkv534m5Hg,,food
-0s5K5iCqiWM91Tsfedk0w,wzugmCevnXuCMCF4upAf0w,"Sashimi Traditionnel",food
-0sdV0MTbJ_zGcvyubtFZA,v_yCY6NCwxCPIsNZR80UfQ,"Doughnut French Toast",food
-0sLHy7OOWTpKu_SrKayLA,ij2MGoQSxO_Dw5TGKd5_SA,,inside
-0TySmw68pq5rihuwRyv2A,fuW-VCynECpKukrm-9nxdg,"Drunken Fish Tacos",food
-0Wm9_LXqC_q21Rz9h-YQw,JTXqPkssRG-3rlrh_uMcYQ,,food
-0xW9u-TKjE1hSvKwNHGHg,r49iBfbnfoK7yt4rdsL_7g,,food
-0Z-Fa2yLhWyvBPhEn-IrQ,oZyaFqZYf0eqKRiP-aY81Q,"Their pho special",food
-0z7eEia77ro-juNkCbClQ,I3YOFwPRQB_bSY3NDUyJNw,,inside
-0ZSqvHF6s6XK8C4UV4RSQ,Xz3ClYYqk5rCzUaWYybYOQ,,outside
-11BtePcMe5H5QMCoN0jew,giF_C_zJEdggBLG03nQTKQ,"oxtongue in shovel",food
-12Zw0m2nIAwUrCB90IUPQ,Exk-3-8qD_tSXTER85BN8Q,,inside
-152j0LitEm-z3rNFDwICQ,lmxA0dJM0XsPCIHPXhEQ-g,,food
-17zre1TMqX4HO3wosN3Bw,bgZoUq6MluJEpGZqtqtFeg,"Fried Chicken Tenders",food
-1aOgvOydC9eA8IrxXxBHw,9q2tKLShRsthQOYoQaI9dw,,food
-1B_W7BsPjU7w0IhqA4vaA,Ra6dcmjOIqDdBXremeGEuQ,"Singh's !",inside
-1coaT2pZMlG6Iit4qKMkA,SxuD7iY8QO88PNbSdNmNKg,"Mysore Masala Dosa",food
-1cYp33cU64OjMl_2nqWvg,09LYxY5D4GcKc0Tvs4K_gw,,inside
-1dpTcs3uzsDCo6GOwvo0w,t3cW10F-C7lXDTyszIdzwA,"Raucher Raum",inside
-1E8Tjtm7hf86cOO_h0x4A,3EjjtHEFdTZST55js1A18A,"Fish n chips",food
-1GLchgvckjnY1ZCBzbeGQ,WUAe0FGaLRCremEDXqNV4A,,inside
-1GrF7OU1NP11c_t8H2rYw,-uYAkAplo7a4WM7c6lDrWQ,"Buffalo Wings",food
-1heaozsM88_5GRqbKPI1g,K0j_Znzin0jShXVnpvW86A,"Wood-fire paella cooking",inside
-1HWcXoel_3sHy2TnCsMTQ,lTixk1IT-D4hoMZ6LgoyHQ,,food
-1I1sns7zC_NfNy1uhUtEw,NEvjJOj2ooRr9lXSdxMysA,"The Coffee Gallerie",outside
-1J0-Elsep4mEojEGJqFGA,rYI_Dvw8ixOE-Hud-PWzbQ,,inside
-1jFvElpv8LJXT0-A2aHQw,tHlJKmUECTlj2amcGG0TOQ,,outside
-1Lkn25nfnSVD6VmsljyrQ,boIILzBqhjWhq4G0BsB5_A,,food
-1lzO9X29JqGLtghrW-alQ,ZFyJ83LJkkO1dP82kzXKNg,,inside
-1mlptzMMKfLvCtqivQDHw,OSs8P5K6oAuku247u-6jvQ,,food
-1NBEXHPoY-yqK-HnyMorw,w4EX3F0KjJIXL7O1fFWXJw,,outside
-1nH9AsZySzioOkzpER6eg,bHqJQxPF-VL95tjAUYtK6w,"Meatball Appetizer",food
-1NXyLnt6_Eo2YS_-CIm6w,j5nPiTwWEFr-VsePew7Sjg,uni,food
-1oE-mz-zKCpSQb1ttDzjQ,0qh5uSAUDcVzC6hoPsAPvA,,drink
-1OHK3wOsaY0qIyionyS4A,liCPyfxs-CYXAV_zAmB9dw,,inside
-1OsbdoU0xZkbq-ElRe54Q,I6EDDi4-Eq_XlFghcDCUhw,,food
-1QhH6P4BKib_uUMbvRHjg,syQBNfPzUKGnZE6w8cLuYA,,food
-1QngKrawx0teFN7r2Z5xg,LN1_wzxb0nmhuaFt6wQ8sQ,"Classic Sliders",food
-1rYfFbf7QawAwHNDDq9UQ,CY3N_T_35gqOXkwQbSeSTA,,inside
-1T41Fj-Tit55MbH3tm6YA,zcScEL0WEdFkROcnz5379g,""The Whole Sha-bang" seasoned Shrimp ($9.99lb), Corn ($0.75ea) and Potatoes (3x $1.50). One of my favorite shrimp spots in town!",food
-1UZzfkMKh4ymki-ph4nOQ,HwgCbqHWaM4uWGp_A1G1nQ,"Green Curry - very spicy but so good! $12.95",food
-1WkPC5CgbuJPQCtLhEp3g,iPDraG9gpzlOQpQhJdPsfg,"Canarones ala cucaracha",food
-1wmzZ2gk14kqvIfsGVX0w,Da0c8BkSx0gxk5HwoZJiYQ,,drink
-1xnPlGxwnrTc_saEf3nWg,GJTQ0dgQ2BTkbRw2jLE0Fw,GAJRELA,food
-1xUwHSYfzrgzG1O2Yf-zg,X6DR-xr0rQKnxl9jeZWFzw,,inside
-1XxSmYXsIMaQyER2E6LQQ,hHtOsr-NMviBKlMqDBeI9Q,"Carne asada burrito",food
-1ZjGs2E0to7HTGFlcVNjw,yQ6hmhDaSXpyRhcBRUZyPw,,food
-1zVkqv-4shAB7k2WkAECQ,SmkYLXEYhzwUZdS6TAevHg,"Awesome attention to the details at the Butcher and the Rye",inside
-1ZWKRa5pKVQESh4TCJWYQ,WyZAeMGsjUE7OToI4Jdqfw,,food
-20_99qipT-d7NvjUospCQ,KIs5vcQLVExjxtEOBNkXdA,,food
-21OP1NonmeoWmqP6pSVlw,Z0YOHYA6YtW131xULbnMzQ,,inside
-24CrbNJlj-3MxEMwnP6Vw,gTKeGz7nHb0Qz-6CrFs7jA,"Banna Splits",food
-24L_bHFxHuYSE_eBboOuA,iFCz-xI7CV98fcaB4Chh3g,"Flank steak",food
-25tVSXABFFXxvQEMUmg7Q,Y22IfhXChXoRp3vKi6QwaQ,,food
-27-8Tsy5jC-SrK1na2N_A,dn_ipqbm7_jUz5X3rDez_A,"Fat Fries...the split burger setup doubles your fries! Excellent value this way!",food
-27XRgckKGY_-PaS7pRyqw,BkD7EFxN36bxAVhUORo22A,,food
-2AJS1I0g_qTdSXwh4j4vw,V48sDS4bUB1H31NEXU1nZg,"Beautiful seating arrangements for dining in",inside
-2Dgb9aUuD06K7SzxeF6nw,xZtKQ6AFLh9P7rfmjvVjhw,"Restaurant Interior",inside
-2DYLJuxfaWt_A2MUsKjpA,YneCHzeW6wM3lsq-nb6VyQ,""Toothpick"Lamb",food
-2ej6TLAE6YHg_dLHNTC5g,0v8icS8wOOgEDiHDCOQkZQ,"Manchurian chicken with optional vegetables, lunch serving",food
-2ft7S-X0NaNcVB62ztXdg,hXfTq29MXF_XPdEp9faEAg,,outside
-2FUNs-NXZNl6HiIVQw6OQ,4v5ZLpmNn13Mze1w_XfWHw,,inside
-2GFtLLyCXlBLSS59CAyzA,NlymcSxDnjtCLyGvmMoyFg,"First timers! They loved it.",outside
-2gJDnZtktySYjd8KrRL4g,fcWkZgmzRsm3H4egzSrV_A,"Steamed Chicken Feet (Fung Jau)",food
-2GJPyruudMrelhFasEBMw,AHTgvyZf6ivK1FLCmdRbwQ,"The grilled vegetable plate",food
-2h7JiIAuWL88ega56HURQ,crstB-H5rOfbXhV8pX0e6g,"Miso Ramen",food
-2HBQfNfO5-Wm_84-un8nQ,gOOfBSBZlffCkQ7dr7cpdw,"Tres Leches IG: @culturegrub702",food
-2HQHH_dtIsV4o2bVz9Uyw,JPfi__QJAaRzmfh5aOyFEw,,food
-2in_4AwF3Hc2mc_qzACiQ,z3bUwDC1wUPGeIB8Rt90wA,"Old Store Front",outside
-2j2udb8O8d6lyw9sOXthQ,MqYYYNA-ZYvV-1w5qcmMoA,,inside
-2jV1nZYtFwzPGrHsLB2Vw,crstB-H5rOfbXhV8pX0e6g,"Spicy vegetarian red miso ramen",food
-2k09pInBqcS-sr2YjRb2w,2t-a8qkgoRiiohThDVjfNw,,food
-2L-ny5-yNwcoKzV-19VKw,wXRhRfnXaV_icpT5P8r9pg,,food
-2li6NGglOwy1JgtMfIOWg,RtUvSWO_UZ8V3Wpj0n077w,,food
-2LR1WIH41ghigbuJ05Wgw,yE0f7SPDqafcaE1D8WsmDQ,"MISTO DI FORMAGGI",food
-2Md7tRaLt5c8oBevlVfeg,XgsIf7s2zM-cC29WUD-NZQ,"nasty brownie",food
-2oozBjWH47e579DQE5wCw,fIcHJP6iJH15vIzV6JUROQ,,food
-2ovtdjmTplMBbLq7-hXuA,Jhz-8IqPf_2YUWsbGFyDNA,"Ambiance. ;)",inside
-2POGkZypdfTPjx0SQyvww,peH054eonSBTLLC5aFOQ0g,"I've dined here many times and have never been served this Bread until now. Cool.",food
-2Q10L8mYvaJocekkFPX4Q,vRc_tepbkz7J5JWKq95o9g,Intérieur,inside
-2RrmeyY4akMwnK7lB9CpQ,_j-JBXnTuXclA1lEzzezmQ,"TrattoriaTimone Italian Restaurant Oakville/Mississauga Scallops and Tiger Shrimp",food
-2Sq8QTZMyQ-VBzY16FgeQ,BgthHqiXot2s4Sd_xcI6DQ,,food
-2svE3jda45kA6m81mbOkQ,66EYUS3iichq-Gn6KjgX2A,,food
-2twE49wqbXVBgo2vpyKYA,6f2imTsIysASgHh2t91OOQ,,food
-2vuleWM96rvlms2YPYekw,-zo0R_6vW6JlJeoX2GHA-w,"Spicy Thai Basil Stirfry",food
-2WAmoJCu8hnd8_9sH9tVw,-IZvuqxekWEvJqDw308daQ,"Carnitas and chicken",food
-2XBN2LBILh5r8ncS3XzkQ,ruWTngdiC68O9la27hvvHw,,food
-2YttTmo9D46q9i1RxpCVA,OASX1Yrgq_7R1PsYpixRcw,,inside
-2ZcgMC5qJ8-5UQ9kHdTtg,1kytABjYhj3naF4vLQEbYQ,,food
-2ZlF7F3BGd6k1NVUkgc1g,eJab5373h0eZiOYnMPG4dg,"Comfortable booths",inside
-2zVxfaqLrZfmOwi6SJZVw,SzhD5J80IhpyeBftzQ950Q,"New Overstuffed Quesadillas",food
-2_6h7Xvgq1vs3DS05YwWA,eXjVIX28LJ9HyadaeahmJw,"Avocado BLT breakfast sandwich!!",food
-30ASQN3kifMkh2SWYkb2Q,Athxc1MbotCHRpKOPNnBuw,"Crispy Shrimp",food
-319lqSZ-JnQD3Nz51bWLQ,isYj0rlYyUv3bUd4ZChxlQ,"They have brown rice roll,so delicious,u should have it!!",food
-356w6MkBEwMU_HvTKm3Lw,ULorIRUT_iUhfhgosY4ubw,,food
-36hNJL6a6w14f_8g0-63Q,FIIIQplC7gkEW2kyRGSFxg,,food
-37NVwmvhNZb5loCSKHYDA,HGNOaHmKpW1ajuAVCpA1yg,"Blue Heaven Burger with the Rosemary Parm Frites Passionfruit Sour",food
-38v7f_U8gpABCTkwB0izA,AZQ6eiVqhMalpVL9Bbq6Iw,"Seating area.",inside
-3aa0S3xPqNDrtXpVYOYvA,AaKiOmXVX07mFYX-1ZWNqw,,food
-3aultYeze9UefGXaJjq6g,XcOy_IMkPO9jGBox6mHT8w,"Carne Asada tacos",food
-3AZ5Pwo1Iw4yucfM846KQ,EllcHdTOyvsfjPs5Md078Q,,food
-3B_2y-3CfXyeE5rzPov2A,LQFmktF43j2NPncKdNd9mg,"Huge selection.",inside
-3CNr5Gik9n9CJ4nPCFM8w,jmeDvVx3wzCBlTBN7XNb-Q,,food
-3dv-G25fj3vLb16xtE-Ng,GX4C0SDgzuywFbO2W_g1ow,,food
-3f0BK8PJFpsgaGMxuxboQ,uSb9hsK60QSuh1NoVhcDXw,Pub,inside
-3fapS7ALGhfk4Ur8TjJIA,NQXuoB9JTPUItHvouMgWjQ,,inside
-3FbstgyV58yWiZxahFE1w,TVqlHgjFdd9vuYZLbu9S9Q,,food
-3GAlYEbuKuIFtEWMQYIxg,LGOnnrjU50YtT066RP_J3g,,food
-3gMytR6TLH61TDsl_sKrw,yy7pPm_QGVRm6exD__Htug,"Another View of our Buffet @ India Masala Bar & Grill",inside
-3GWifAOTOQ92kVh066TKw,-NkvJ2uwK_29GmjeOrY0LQ,,food
-3HPICJ7hUsrxNJK75H7dg,w2yx8dfNXi3TcPZSdQOw3A,"The Loop",food
-3Je3Akbg3IgKpDURlfDLg,gO_z_5FQVHLCiJjOsfE1fg,"Cheese bread "Pão de queijo" crusty on the outside and soft and tasty inside. This nectar of the Gods is included with the full rodizio.",food
-3JsKj3U1NWjhguDsMcY2g,33Tr0eRki1Yamzleu4GMdw,"Almond Croissant - so flakey 3",food
-3jtn75lus_tVwFebPbWjA,UNsvHecpu_sPBeQGFxSCUA,"Spicy Basil (Pasta)",food
-3KIsDfwoGBpwd4pGKEiWA,3dG6AB7o5QMVQzga0zotiA,,inside
-3L190LvD_lX4MxNNo9UKQ,qvBkj8tcLwv2QMF9jhH12A,"Gift baskets that change with the season!",food
-3l6a896J3o4iRc9ZApCtw,8mx_TpMhpFLdQi_K5aPdOg,,food
-3lEuuMwY70up9IWEuw7SQ,2weQS-RnoOBhb1KsHKyoSQ,"Plate#2 more shrimp coctail, ceviche, sushi rolls and lobster fritata",food
-3opeS4GOZ_cKu734yEyog,CXIYPBfADfeOAfYJSPAs1A,"Crab claw appetizer",food
-3p7mXHnV855X-ChHs8DgQ,5YUoTimGDPbbmRfw6SJgTQ,"kung pao chicken up close",food
-3pc94nyv2QNgkHYuIU1Ow,gVILTnDFDsVuVdxFVkRK7A,,inside
-3pKcbXYQXa9UUHxGNGgNA,7W8NfY5eKYxrLtfbpkWouA,,outside
-3Q4Zz4XEJ__u25Lh5Huhw,Cr5CLpmVrmzFyz_RfQ6rmA,"Prosciutto mozzarella - with fig jam & sea salt",food
-3Qw3CjHh9QeTtuWYQTdgg,ExLXL_oQvI7oPB7TrVpGhg,"What they call a vegetarian pizza.",food
-3Rcb8s9ylN-17kgD8y3-Q,qutQLFutEyHy440jpADnxA,,inside
-3RLOt4Wx_3h2LdQuQ1Xqw,e1RcTvtihmYdf8At7hLgRw,"Walkway from the parking garage. Take a good look at your wallet, it's the last time you'll see what's in it",inside
-3Sb5a5YDBhCbetVkMO4GQ,nUpz0YiBsOK7ff9k3vUJ3A,,inside
-3t7PofKlFTAGOAbCnJw3g,I-_JfctrLxXzBnjkeiqyBQ,,inside
-3ueV2R-zMLwLjVxpf4FBg,zXJilaBN28oUdX7Owf0fRA,,food
-3UPO_1VT5PhTNUTXLjJ_Q,axX1hO_lEn9C-na3mMN4Aw,"Peking duck flatbread",food
-3uyCzq7M7SxZ4BrjZooSQ,kGOr_D-LNpgZ2M9N8TT4QQ,,drink
-3v-gR27YvmZ7o4_-7-lhA,Qmwfg-PtYuCo5Q_IwcA_HQ,,drink
-3V8-feWH0y7Rr1pQg3zuA,jKAi0zRpDcwCYipM8nlq8g,,food
-3Vz2AOYllnb0idxItEP3A,JqCtd30ECmvRKyLbpjeY-A,,food
-3XKXnxUnEkiLQlvoeYp5g,6i_EXDHikHWhhDipzMt8rw,"Live lobster sashimi!",food
-3ygcK0-ItTCKDT66s46aQ,366NwqHwhOic5pBN1DjmDQ,"Bar Area",inside
-3YNd0dtnNPDG-a6PhVamQ,_R1jBQQieKpNGMBqmrLRyA,,food
-3zbl_oPYJTGnp0UpC4oSQ,C9dN7uMAMPAcKNEN8y3Yag,,food
-3zGRuO1RIvlOPFheEW_MA,_8mBVtt6yhkS0YtT1FGBNg,,drink
-3ZkCffCkjJ8b65_fSG68g,fh-hCT2esNJEocdBdggWoQ,,food
-3zsAIaGju8ArsnfCm7wDg,GmdujALb1Nq2RHGr7jhCaA,,inside
-404GuaveBdreE0qGnfSng,5nZVVPO_cYH9aQeClTP9zA,,food
-40WOuXUrlKVE5L8RNR3CA,IqBoGCKUJdzBOmzjUsB7lw,,food
-42uHRLHSOamQaybUilHHg,FuNMqkKUGzDnX4XJcJee4Q,"Dining area",inside
-440MTyn80mmULTMx13LBQ,HW8iARU2n2wOkezDWKit_Q,,food
-48d-V-rynWU9P6LOXFgxw,D6K3VT6S8FwFm4u5uN8T8g,"Yummy Karaage chicken",food
-48hPx4erhu3magEefROXg,dUffgo9Lh_Vk9TLuFR5ywg,"Aunt Marherita Pizza with Sausage and Pepperoni",food
-49n3drrCdjDKsbOIkbyuQ,HWgz2YN0VKQzJ1Mlh1DjMA,"Andouille Mac n Cheese",food
-4AsfsnzOxDxX7pUUwOxPQ,mUUTJY9_BqmAYxypHiqWrw,"Cream puff and a large cannoli",food
-4bz0_zuoAIWZ3Go8kET6g,OgpFnMfx1R_Aw4rZfLRuKQ,,food
-4CINFAnUXj4pLZLdPJ2LA,_0ZIFTvfcA3UETO_S_JTNA,,outside
-4D0qIeVCYwhMPCxZ2566A,MVSACvnnpDiEDp4FTn1c5A,,food
-4DVnZOLOXCa7iz2HwHiLQ,Wc7Hld-DTJbss8CndeIylw,"Wilcox burger, yellowfin tuna salad, and Korean lasagna",food
-4dZ_i5Sgu6Z2-D0EXHEJQ,LdOSw3VbUZOmqup0jeU_Dw,,food
-4E-lvM-cOjyS0J7LYc_IQ,Y6F2KXSsiesHs-ZP8II7kQ,,food
-4FERYIXqxEaxuA-Bc_MPg,XnJeadLrlj9AZB8qSdIR2Q,"Caviar with cauliflower. Lobster & corn chowder, salmon tartare",food
-4fuKsO-N3-xLgz1NpLW5Q,zEwQJl9haP5BYIl0peOpGA,"Tiramisu and hazelnut gelato",food
-4GAemIyDyazrB4thtyWHQ,0ExE0tVCsPDMnNdvip1Kzg,"Upper level bar",inside
-4i5Mv5LAmpUKzd3DX_8Ug,n3cFalLLuMyAy3Oe2dcwQw,"Chicken Strips w/ soy garlic sauce, Chicken Katsu, Seasoned Fries, & Takoyaki Appetizer.",food
-4iOtzlrWt7Rvx8ZQTlTDA,kZspuWnM0Y-Losvk2Rl0lA,,outside
-4IsNVojoI3N5ii1dmotjg,Tw3xFIaDi2AenwTeGQdlUQ,"Egg Rolls",food
-4MNx8aL1xK4tkJehGB1bQ,DZbMvBWb3OjC9045XLHmVg,"Buffalo wings",food
-4ndu8iY7ZY-8-33sgoOGw,m1Y47fK3vWCJXV3TdCn_Xw,,food
-4nlYYOWoMQaTAle0fLGMw,YaqRTRPCHShfs3_I0KiAZA,,inside
-4NwVEbfUQ4I9Y4Ti4XsXQ,6sATfFam9_q9uod0I2aCsg,"Walnut Buns",food
-4oM02ForGQxcB2bjL_sng,F5MEq4UJmE_kctm1eBPGhQ,Bar,inside
-4PRvhqJgqmUYokOBoEtqw,TSnKwZnpX6SHbKsFKjV-0Q,"My view of the deserted host stand as I waited (and waited) to be seated for lunch",inside
-4REpsbeATKhlT-yBMDn4g,rtlsfmdufArhk-47sWIf2w,,inside
-4RFCTRIJp8bv_uTKQSfwg,umxki_So2--o08q9bkXK6Q,,food
-4W7wOhlAhdsByalJbaI8Q,N8uKQ5Vdb1LAh-qXT_25Rg,"The new outdoor patio! Can't wait till they are making pizzas!",outside
-4WKEuBekOoT6Jl5adU3kg,GZlJDJhDlIy-Xj7ckfyJuw,"Chicken Broccoli Alfredo",food
-4WUZM3dLJDRpUR7MkQpBg,_RiwESa2w64ls6y_5tE4CA,"Very modern and cute!",inside
-4wwsF45tujxBPoupmplcA,FKj6537SERSe0SN8yI7-gA,"Courtesy: Phoenix New Times",food
-4xiac2fwOENoPEPCid38g,QCe_OTC_9Vf5-oQuflQH7Q,"A lot of seating for this tiny Thai restaurant.",inside
-4XkSWYzpYk6G2UxWfbxLQ,puQ2WGO0L2KvKqNQCJYZRw,,inside
-4YcGl3UydTEQgYxPdz1AQ,5ma1OUQWy_Ds80xUiP7JPQ,,food
-4YxIUFWNz3so8Uk5QkX6Q,2GtIC6u4hVneccWfTlOxHQ,"Teriyaki Chicken",food
-4zh28ZmmDrkmZs4e0ZW9A,SIBaomIYVvsMU0GTuqX4vQ,"Caterpillar roll",food
-4z_J2GvXKPW8vwg_LrLxg,b41zjWT4pzcTgNY04eKAvg,,food
-51JdlazCLANJMZnXRiheQ,peP-yrYDj_F4sxsZT1DI7g,Nachos,food
-52Q3DU6cz6CEIWknrgw4g,RESDUcs7fIiihp38-d6_6g,,food
-55rlNMu71NDIlw2I4Oq9w,rXMfoViOF8kKuyBSF3Ls9w,,food
-59OyE_8TlM1TW6LAxjxBQ,dy0O7DaSUd49NZWSEtvz_g,,food
-5Ag9NQ5vPzpdj3b5NOM6w,9PZViPPXgOrk7rY1-K1tZg,,food
-5aIjPZbFIStflCMI1z9hg,ivjyqE0Wrr5sIfaq3VJWAQ,"Bobo de crevettes, Xinxim, Feijoada, notre steak coupe a la brésilienne
Bobo de Camarao, Xinxim, Feijoada and our Brazilian cut",food
-5AUBDxL4JpjNMpHzZodeg,xRHbsV3S884mE95p4-nOmQ,"Yummy Cheesy Bread for an Appetizer",food
-5bD9k3CephQbj6CX73UWw,Ef5P6C2yHAv08FPif5Rdtg,,food
-5Bp1W7VOgQx_DWgc9THpA,8enR8Wc0ot9L41JY1FxMlA,,inside
-5CWVb9Jh-TnGaO84cabrA,cktStxiX-GyaNzPJIegOrg,,food
-5e8AGoYFFpCUGaTgCTb-w,2iTsRqUsPGRH1li1WVRvKQ,"wild mushroom flatbread",food
-5eQtEN1f73rfe7fTyFwSg,OsQvek_uZXDzDEp45Gm8RA,"Chicken Caesar Wrap with Bacon",food
-5GLPpg8EPCkVT4ycXGpkQ,364hhL5st0LV16UcBHRJ3A,,food
-5hJZSo6rWA1j1V4V3zbOQ,-cT0YdN7xBpiu5JZ9c0IoQ,"Banh Cuon",food
-5I1HW_AFTyHGYmN3ARO6A,RwMLuOkImBIqqYj4SSKSPg,"Lots of people all the time",inside
-5IdKV6MT0HIgHtc54kW_Q,PU7GZl7YLWoA89vepBIysA,"Regular (Sugar and Cinanmon) Churros 6 for $5",food
-5inbsVx6UjJBSFbCW0ZrQ,Ijf7nlXhLYEzH1yXdevorw,"From the Minoda's website...",inside
-5I_DCvVDDMHmzjrGLVI9w,VSNUFYBQ_wOFmRXZ8SeQ4w,"Potato Pancakes",food
-5JgXDom5J3vAmepDJHmmw,i9D9xPBV0gR1Ja9kbY4NCw,"Lemon Poppyseed Raspberry Loaf + Nutella Cronut + Gluten Free Blueberry Muffin @endoedibles on Instagram for more",food
-5JXxtOAbjs3CXaq7B1vqw,lPQh_HUXRtxDQeR9WSfMZA,,food
-5lDbas9fYWHwyxayEN3mg,QJbdDzunUrvAkiqjBGJaqg,,food
-5mbEYMUGwuTFzuzB_7KOA,uh7DUWtPoZkuEE05fghJ_w,,inside
-5MjBA7FErEMYtoOAW0Gsg,vraKC3CB9KSDCxYX0q3gWA,"Sweet and Sour Noodles are a sure way to brighten the day.",food
-5oIdgLE947faHC-WnmItA,UmZl3K3RLZq_xFmBOK-Q4w,,inside
-5PlayR5VvIQiVsJvqf0Mg,7ScWdpnwZyP6hJXxGCr7RQ,"The Révitalize-Moi",food
-5pTe01bWZIIxv6-5VuX6A,Ec9CBmL3285XkeHaNp-bSQ,,inside
-5Q3QmxIdeQ1CEHnqHH6Vg,dzKDFiWLkspVBJKGfT0M2g,,food
-5qA3LdEXatcVIhZsguShw,2i0dDzxLuQQAwzxDZVR-1g,,drink
-5Qzp-_Q0YROkhFaXA-IUQ,S5ZFsNBvf3mO0TzyCYEXlg,,food
-5reGMRgqyjZrAQEbwWm1Q,W8apgXmOxESpoL_EeogC5w,"Karaage Chicken SO BOMB!",food
-5rLgPPnO7LG_Jpa7ADtjg,5PLQltRcNFEe18ApJQgoSg,"ARCOTEL Camino Stuttgart - Restaurant WEISSENHOF",inside
-5sYyoIsJm1XaaPIdocI8A,zKRAIVLNmtLsiqjYT2XAQw,"Ready For a New York Dog.",food
-5T6esheN6HpH5DCTjwt0w,e_ILiIs2pVpskfeL-zFtTw,"Chitarra À La Amatriciana Classico - Egg noodles, guanciale, chili tomato sauce, reggianito (Winterlicious 2017)",food
-5tRxkpxgc6X9PxH6Gxh3w,M9gwHW1oIiIqjdT76yOBDA,,food
-5wOIaZeZo51f59uM6rApA,57ZBrOAR-KrfMMaHK0tcew,,menu
-5xO0RNZn8g-Vjw1ABdv8w,BxCzy1WOVxOrr_G7V4BIvg,"The California. Quinoa with avocado, sun dried tomatoes, toasted nuts and tofu. Warm chickpea wrap in the background.",food
-5YgNRUbWBbfnNQRiHva-Q,9xMM3pGCokNTvC6Ao3PByw,"Bacon, eggs and hash browns",food
-5Yp-_poC0TfP57gfe6kAQ,aTw-24AuD_wSTzQgNPf7eQ,"La maison de BANH MI ...................................... Address: 1263 St. Catherine Est Montreal, Quebec Telephone: (438) 386-3979",inside
-5ywe_kMZcxk8qyndFE0qQ,IsNyYU75dVu0Nnoo8bO4gA,,food
-5z1QanoCsKb_JE2BLvd7g,V2oe1HVgNK0He9Mf3Q17AA,"Potato Pancakes & Sausage & pierogi Plate",food
-5zaB_jtGj65tlEUZJ_Mhw,eElL38lXVVxkPr5f12wrLA,,food
-5Z_6XZsFkfvXcqUFGvqsA,a1KXovXPdeDurOrER4ST6A,"Cold soba noodle & miso soup.",food
-5_CmLeLSfch-oWbBeuxKw,Nm__va_EFrSByE8d0KfJBQ,,inside
-6-qLotU44gABbrO0sAdRA,gOvEzwpu3KbW5aJReQzYRg,"Spam sushi with teriyaki sauce",food
-61oG_S-z8Lf4exw9hXZ8A,oDBz4UnpaAVkBFGEAUaQPA,,inside
-620oQZ9Y7bUU1WLYtWJ9Q,c6lzPktduqtKqRSnX_CUTg,,inside
-62aCmQAv_2nKmtWbqWJ0w,3xmfT7l3xNH5LK1dLzfvGw,,outside
-659vY9sdVpI43UbUttjZA,xCeiBRuvqYXDXp9Vw7gmXw,"Charcuterie board with warm bread - so good!",food
-66KK0d_JlVWfB-BBkm0Kg,h_4dPV9M9aYaBliH1Eoeeg,"Green curry vegan sausage",food
-6708TQr1OOp4NtsfCQgqw,bpRo8L8dkhgbJhdIKa9mwA,,food
-68dV_yaCW19qz_V0NTq0w,1tFY0vj7pT-r2wVBBBrOOA,,food
-68UcP6v5Nl7MYati760mg,85nvKTJSN8byoeGRxzGkug,,food
-68Vjl7QZ9LILpD8wN8UYQ,Ec9CBmL3285XkeHaNp-bSQ,"Full bar selection",inside
-6aR5gX8fFUkaYKJBlFIQg,nxz2oOD3sryU5evFAYmmLQ,,food
-6b_Vj75I0XUqxJ5JdwK9g,gOOc6MDdhw7fV0Tf30mfAQ,"The Kentucky ($9.50): Hand Battered Fried Chicken Wings w/ Grits & Greens. Perfectly fried chicken, delicate batter, awesome!",food
-6Cmtb5yNofPVXyzf27nTQ,NGGlOtWd_Xc14WFVYOmMdg,,inside
-6DciHVP-mGOXA5wOLvwLA,Ol45IIZm_KJPW9FgSDCRpA,"Eat decor",inside
-6DHEi8BJZ2g3dnM-YKX1A,-BmqghX1sv7sgsxOIS2yAg,"The front",outside
-6DR_rkJkRdB4S-UWfmoIQ,v8Y1Cpdya8H_3noy2M-3Hw,"Free times burger with coleslaw (toppings: sauteed onions, fried egg, side of guacamole). Caesar $9. Mojito $8 not recommended.",food
-6EALm-8qd5-yEVr_0ZDBg,yWUBX9Pe6pzh1PjVj04UmQ,"Fried Mozzarella Burger",food
-6EBlHs89KUZTfkKOV788g,ow93ue9XJa0uesCmdnRhEw,"New sign, same exterior",outside
-6EGNrFrRf9tWi7ByWuoBg,0FXAHiDs1Fkr3V_kK8b1SA,,inside
-6eS3dkb6xkPISKQ9zLeOw,Cx5oz2bHHa62W248CR1B4w,,outside
-6fndfjqPXzu7Bs8KiJnew,QDd3TPw_1kc864RpZs6R6w,,food
-6fvaSqXfbgrXlU5yl0NQQ,5z1WIr7E9P2CSzyN5seeSA,,food
-6gD8mJAEFI-YbUBygjO8A,LR0qF0FEVsCOhYWUOiH26A,,inside
-6hEhxT1I8KobU924a-ayg,IFg1pCoF9m90ivwvE3SUcQ,"Fox Pecan Salad",food
-6HphTnKnCkV2F6D373CCA,eXjVIX28LJ9HyadaeahmJw,,outside
-6hSqTTzj0NViqTJ56qSZA,WqHpTx3gHTx8ud8RxSyYOw,,food
-6i9YyeuP8-biy95nxjwiA,5pMNyj77S1P3rrT69y1pkQ,"Veggie NY slice & requested pepperoni on it. Pretty freaking delicious!",food
-6idmJX3eg1YMKZFlgpShQ,IXXERocY1bqGwRllcy8J2w,"Banana walnut waffle",food
-6IodH87DIlpESywG0nRHA,nxz2oOD3sryU5evFAYmmLQ,,food
-6IumhsAVedbB-K0M-Om2Q,wWuGa3OOQJro_XGe-GKBXA,"Strawberry Crepe Cake",food
-6KdyF5c1tW7nCF6C4PtQQ,WRQ-9LluyivReFiQZFUujw,"Euro Special ($5.95): Pork Belly Bacon, Cheddar Cheese, Herb Blend Garlic Mayo. This is one of my most favorite french fries!",food
-6kH70oDif00imezLutXQg,fEQYb3QkYUVAJ6l9F8qeMA,"Plov (from their Facebook)",food
-6l7tfvLrww_D9lntzPaog,G-5kEa6E6PD5fkBRuA7k9Q,,food
-6l8IHOdKIvibn0A5Hll3w,XxX2LZ2o9p9Wlq7noOcfNg,"Outside bar",inside
-6M9J2nBmUydi8StlhSbGw,MTCyh5VqkKp1LIvfeI-TTg,"Crispy Quail. Dates. Chorizo. Smoked Onion Soubise.",food
-6MKgglf1xPnpsD9RGjIvw,nRw01CNUKAANX-qIJ3dvXQ,,inside
-6mW8_BpDQpZYUVgalXu1A,pKG7MMcrotrTwarPfpybjg,,food
-6nGI1UilYKCKwDeHT0rxA,uZKn-fdAFXJWiDetBsKURQ,,inside
-6ojUq2zNmJxkFVPXHwgWw,zgQHtqX0gqMw1nlBZl2VnQ,,food
-6OyWDL4FLw-StPkEepENg,E60s6EXdPhet5FKJfA_YVQ,"Inexpensive. Delicious.",outside
-6R4A-OpgrT1IXuWyjCMyg,Z0o7EnCj3fgzC7E3QRabhQ,"Classic vegas banquets",inside
-6REWebiQBrNbjhUUEiuPg,OVn8rF10-r1QR9gvAlICrg,,food
-6S7EFJ_pEF1kvKc985yww,TCoBE_BkDRrK0bWrh5VueQ,"Street Corn",food
-6sDmeaCdkdKcYGfPogoWw,bLhH9B7KbLJb_rvPzPauFw,"My new buddy Dave who expertly crafted our sandwiches being photo bombed by his fun loving colleague, Doug. Thanks guys!",inside
-6u6xvUK7mu5mB89AFO6xQ,G4pt2q9Tr5SkwCw3Wb43VA,"Phenomenal bingsu. Shown are Injeolmi Bingsu with azuki bean powder and strawberry bingsu",food
-6uLYA3araycAP8Kthwwcg,_rgsXTR4PehGyLg_8tPD0Q,,food
-6URk5o0EsQ5gTLvZtMtnQ,pH0BLkL4cbxKzu471VZnuA,"The entrance",inside
-6v8AoHmtA0wElk4m1l5kA,ykfsYdN3QF8HEBa9EbJRBg,"Las Vegas Sunrise",food
-6WRtaJW9o-yhmziUdGqLA,96jJABN6g_uXFdhZ54bzOw,,inside
-6XEBHBxWrQdLWi2bQ5HTw,AuhUQ1aawxIGHt25lUBIgw,,inside
-6XH1iza-g3l3wcdKaEYIw,j5nPiTwWEFr-VsePew7Sjg,"Black Cod Fish Filet",food
-6y2WSddlpL1D8uR3iHBVQ,BgTFsq79xmnRkX0gA1za1Q,,food
-6yh1orZVSYE5oR-DrHI0A,rbcfYmJtqwIkk17IeOI5Kw,"Foie Gras Parfait – La Belle Farms Foie Gras Mousse, Ruby Port Gelee, Cornichons, Grilled Country Bread @endoedibles on Instagram for more",food
-6yQuanRxcxZvQsiaCRJ8g,tNonw3Vy4Ai6qRZpj2lTsA,,outside
-6ziYpY6lDMwpwqPu4xlHg,WKOUTdVJS58E178JjhwidQ,"Sweetheart Mousse Cake",food
-6zzDliKSQsIqU08nDl_6g,_yHhs7366m-l1vZO8y6PAA,,inside
-6_f3CptYDztoMFWH8NZmw,3QcTqsdxQBlSndBdMJBRhQ,"@endoedibles on Instagram 11/26/17 Pastrami Skillet Hash – Spicy Potatoes and Peppers",food
-6_tGnh2qmyY2lx4dOkEoA,dYMhfzyZyklXELmYq_wfKg,"Beef stir fry was great, spring rolls were fresh and crispy, chicken wings were bland, but juicy.",food
-70lruv3IuPCm1BpDK3ppw,TCoBE_BkDRrK0bWrh5VueQ,"Lunch time.",food
-72FCU3t4Qs_JwEJTbGdtQ,86Z0QNkCIZwZdPbs_S0USQ,,food
-74DUTqvgeOK_xbVD2u1qA,VgfqjXetLMxn5X5_uomBkg,"Mussels with Ginger, Garlic and Green Onions.",food
-74yL5PPNKV5yNBm4gm_uA,qmIHO-6T_KEfPC9jyGDamQ,"Double Espresso with Ice @endoedibles on Instagram for more",drink
-764RjZPpzg0MqOYPR-7Qw,auDjameQ8PKA2cIwyI5uQA,,food
-7a5mUIjNIAbpRSIjY2y6A,98F8oDH8Dq8Vr-0zdeSUnQ,"Second floor bar.",inside
-7ANH-f_f1BlcVEF0lI-9Q,u84eyOBILlFQIc8fMFCoig,,food
-7bn27vBn1_T4qtVKyaCPQ,lvuuyYZ-CzFrg1BLdV2OPw,"Jay one of the best bartenders at Libre always anticipates what I what before I ask.!",outside
-7BqRMEjdvfTTutk_kMpvg,ANYTIXMmXymc3xpEMUN1qw,,inside
-7CbWVVo9eEAOXnuCRunpQ,_BnBjRMt5Ba-TAv07r3fyw,,inside
-7cC7Su47rRHXIEDNY-xuw,u-SJ5QUwrNquL9VnXwl8cg,,food
-7cv2Dv3KmHdW47f9H95yQ,gjCmXkMNVE0JSk8puUwv6g,,inside
-7dv35BFQVetn-JGEazDuQ,Y_jBZDRBdILqIUMqiTHgkQ,,food
-7eeO7YZDzRqwF4nJeczog,drYgdLcfKwFvB-EMiAVV5w,,food
-7EKqLEWGvuzr4jw-q49GA,i-LDatuEXFN3EDZK1sgllQ,"Flamenco live every wednesday from 6pm until 9pm.",inside
-7EmlcYJMzLZTsvK2bD5eQ,a48qF4Tjwooc0GYNPzipNg,,food
-7faCViVugNjSfrBD9lFRg,35SEr0cPTuoBJ1DYQ686pA,Bar,inside
-7Fbd05m1WAl0RIMv_UJGg,oWTn2IzrprsRkPfULtjZtQ,inside,inside
-7FBFweK2FGD4dOeZc28sA,mOF_0nlTRu5NxOu6MsOAQQ,,food
-7hoQEjo07XhyJWVtnyvqg,U5Ow3ffmrG4MmTZLK6jd-g,,inside
-7J2mIJbqJ96ewZj03RVpw,5VLwQAIheQwmpusFa-tC6w,,food
-7KL_1mXpGR2zWo3P74oxg,FMLJ7orzQQwWxfgeqrvlCQ,"Crushed biscotti and lemon curd. Strawberry jelly and powered sugar. Nutella and crushed biscotti. - so pretty and delicious",food
-7kvQQyafH67P_-lJJYf2w,KdKzTRoSKEUIlxfKTbWUaw,,food
-7KY7vQw27bnIUDP0svGwA,TNjlLA1DdH75TX_J_XQSRw,,food
-7lQuYUKaznHbCSUSKPhQQ,d10IxZPirVJlOSpdRZJczA,"Dining Room",inside
-7MDLrRQTWNRK0ZjPlyqXA,ErdKzeWj1B3YrpAH1dh_aw,,food
-7MruV7O9DmuECFWqPnzRw,iIjVO7cLD1UEmIO7G05Ujw,,food
-7NsFDubMeA9arqOIXzbgA,kOFDVcnj-8fd3doIpCQ06A,"Porchetta Pancakes",food
-7NVES0xLjb8FFsspZgjkg,imDp2s4TANwV39FfYXTAEA,,food
-7OaPD7SomypAMC-ofDvvA,xhd2dbh_F3vzs3wL7jM0jA,,inside
-7oPbYGzFHe7p33qK61Ulw,--9e1ONYQuAa-CB_Rrw7Tw,"Lobster sliders - 5 stars",food
-7pDKmd0NsneAO7yO7EzBw,IX9H7rO9fX0lJ2-OsDKaSg,,inside
-7tSwdCl871j8w9DtvL3TQ,TWmfrj9DjmG_B28j6cU6Zg,,food
-7ZITCTRNoDH8dkMbtzkcg,fGhdqf7rkSuW7UxJeyZiTw,,food
-7_hEBzoUXU5wm7zQLN5bQ,pvYVHQsz2ZsOA508QunKHw,"{Pulled Pork Eggs Benedict}",food
-7_pUigi9jjbva8BYrNL1w,BNeS_hZfmdQWsqewj-LuDA,"台式雜醬麵！Taiwanese Zhajiang Noddle!",food
-8128ByJ-g8BC_Mp3Qh1Ew,FHWI6EOBYbB4qBirHZo5AQ,"Ono Hawaiian BBQ - Teriyaki Chicken Plate Combo",food
-81cj47ZEdGXkBHCGB8j_A,BHAIidO5o16UpCNY3qTICw,,food
-81XO2u_EnoGMPhYgON5_w,zQmHSe6IOiSNF84m9BVZ8A,,food
-84Lv6SRGG75b4ZdH47JKQ,1lvMplnNVHjsMm0JWM8GGQ,,food
-85WHD6yYNqkKio_izivEQ,P6O50VeFlBIJpP0QPYsXbQ,"Bread cart",food
-87wxUXmHBFnX8-0MnwEcA,BhUDq-HSrqMFfR03V2FoQQ,,inside
-87Xrvx4pvEXiVWGCTdZUw,u-A9gv_Q8CwLgjK8nxFxbA,,inside
-88E3poub--NS-P3Kk-SFg,9GUWNQ98sQN7k2UFbsBNng,,food
-89YpRHRIAUU36oisiz2ng,BngaEGNRonNnd-Q9PiSjPw,,food
-8AXKxnR-EwLgkOcB-Kl6w,eoyvbnRYQe-z85e8Rc6vAg,"Snapper Siciliano",food
-8BTnLfr2xi9Mf3uArRiJg,GM3_MoAgPcyE1ozWxjy-XA,,inside
-8b_pHNQrPTKPG63kKWXcw,hRL_qCrcu9UL773su0QabQ,"Tuna Tataki Appetizer",food
-8C37IATEkXhtKBKK_dPxg,65eDIQ8bpMJFtgdyX7ulVA,"Smoothie that came with my Gyro combo. Yum!",drink
-8dFQvxTFNUAJmTYt3wRsQ,BzG7Eb7i8myUqMDV-mNyjg,,food
-8EJtt_PWbmfl7Cp29y7rA,JLbgvGM4FXh9zNP4O5ZWjQ,"Egg on salmon with kimchi, black rice, cucumber, and sauce.",food
-8EosRgn-m8dFmTJBpsOGg,0q_BHpxbikVtPRRLRu-U0g,"Truffle risotto",food
-8ezQXUUJ8OiwdqwmI6oTg,scxHCPNAQ0yhpCbqmwYmwA,"Ici, le bacon est à l'honneur!",outside
-8F-cA8soX3lLUeNX4Pm8w,MSO0kskuBuLeWZmxMem_Aw,"Courteous Staff",inside
-8f56mX6SS3ePHUg5gVgiw,WTu8B3igPYJlkJ2gHzrBYw,,food
-8f6De0YLF3Y8u-MpxbgsQ,4m_hApwQ054v3ue_OxFmGw,,food
-8FNB3Sbjlcdz86D4J21XQ,8G3A8xHq9lgTMcSqazfFaA,,food
-8G7rdpvq7o_OomhrLEG7g,D8a2usm9b-j89W9IrJ_Evw,"View of the bar",inside
-8GrahGXALpOkXCmP4egtQ,mz48xdVWcCu463U3Lm7lhA,,food
-8gtNQS8m4nfFSbn2W6xVw,E9HkUYYO_-5vKjvBwLuDIw,"Sandwich Saucisson",food
-8gxdmPC12aTdXznKYQWqQ,srDd36n9WvTT6zTvxokv2A,"Baby still won't come",inside
-8I6L_zO9loEaE_dkR4y7A,3N9U549Zse8UP-MwKZAjAQ,,food
-8kA8SUGp9acM1hVc-E-Rg,J0YWF-bOcMKuSWg36GAq9g,"Cool decor!",inside
-8Kh6jMCfrVHs4_bBpDkBw,sOYsxYYFl03PhHmz_rBDZQ,"Caesar Salad",food
-8KTupFQW5Thk6c1gDM82A,PuH3yrAjl8OhMdIL792eEA,,inside
-8mS8TLngyu7v0g3F4EC-g,ZS3l1Q7InA5h4R8nMcFRwg,,food
-8N5FcUctMQUZIXLQ_rSAQ,FnzYaH-uFANFyjrVuJkpwg,"MOOYAH Mint Chocolate Chip real-ice cream shake with whip cream and a cherry.",drink
-8n88tJX1MlPUaLG3AvCQA,6Vyp-9i1jzwK_bvisuPJpQ,"Cajun Lobster Roll, Fish Taco and Chowder Fries",food
-8n9ew4iMcaeVtQMWg0qBA,1a9YViZDThy3VqBnGOatmQ,,food
-8NUHpEG0SAOYzMERKfUvw,19S0gFtg5GTX6CkiApJiAQ,"Chia + Cucumber Agua Fresca",drink
-8OeJKyt6XuwCODANUEWcA,7eSbvHOOpRmEwywDOclevQ,,food
-8OytavARXXb_1VAgVOA8g,MGYVtKoCsLnuy6iyEuVBgQ,"Awesome Food",food
-8Pv0d4nckbGsFuQNeo05g,WbMZHFOOzjmQybWyHdfDxA,"White Chocolate Tiramisu",food
-8Py3-Kf_j-Sya6MpZf1lQ,zKugSex6prlX-2WisbbPrQ,,food
-8QxHMLaV8jLGDJT6fM_gw,N7yuiiu8jhQ-Fl9Npflreg,,outside
-8r9oX1voHbziYd3qW0CeA,bu-5xEJ7MIUehFBoW3Rkzw,"front of store",outside
-8rrTVHyxoj424L7_8N4Mg,22jnydtDD6sfjVs77LxJLA,,food
-8S3zxKSBuvh0UKG5tEl7A,nUpKKVwG2WctMOXux19vew,,food
-8sgvX9R82r0bzx39SxjvQ,PjSCDlb8ZOk_X9sjsUFHDg,"Photo.  2.3.2017.",outside
-8SINvJObXXOkzirWBiupg,YBIhTjmEH3IEZW4Dr5ReRA,"Chicken lo mein and pad Thai with chicken and shrimp",food
-8TI8ecmOLtWG3wGiqGCGA,02Ycww2etUAxorZb5gIM8Q,,outside
-8uoaU5WkX5AMDB9m2o_YQ,ItqPtxnayraXSlBS0EMOgg,"Better Pic of the ACTUAL Chicken "In a Waffle"!",food
-8V4XTrDioyoIrbPc4I0_Q,foQZ6guS0l49trURKh7vlA,"Lettuce Wraps",food
-8VqymzvqQAB6FU0K7Vf2A,N6MzDoao6s68nAIW8vS9dQ,,inside
-8Vu8QUkaOeExrJsDETPkg,El4FC8jcawUVgw_0EIcbaQ,,inside
-8wPrf0s5UfLCpqPkogYUA,_j-JBXnTuXclA1lEzzezmQ,"TrattoriaTimone Italian Restaurant Oakville/Mississauga",inside
-8wqXIXMwY2oeWMeAle-vA,aVvMVhCSNT3d4W37Ue1aUw,Cassoulet,food
-8XPmDYmF3f3DC_R2_Jy3w,CYWRPE-1IHPBb-zfFO6KRg,"The bar area",inside
-8Xyer2sPiTF9FPBd8Vepw,m8Cbph-0tlMaYyXDwvKc3A,"Entrance to Pho Cao",outside
-8XzTtxmVNPNRcZ7o7cOyw,TUpyKJFqL_ySZMo54pT-Sw,"Cajeta(Real deal with Goat's Milk) and Pine Nut",food
-8Y3bRbyNkYLlIrr2rkzag,17DImn_vPnuwU9hhRFXlUA,Takoyaki.,food
-8zH0MD43rVUUkIYapI6EA,nYzCr8fcJ2ci4aiB1-hB6w,"Side shelf",inside
-8ZhDJSfrhwoyyWec0Zk2g,3poDQckMkQbVdz9ap68wLg,,drink
-8_ge2CjrwviT-DiPxCjYA,vZLAmpN-hTI3GCT9hlHVUA,,inside
-8_j1RK5rfq7Zzjzl3cqlw,rcaPajgKOJC2vo_l3xa42A,"Truite Amandine at Bouchon at The Venetian, Las Vegas (c) Deborah Jones",food
-91ZMA92eZdCLpt5xtiHTQ,2KS_UunFuefCdniRrrxIkg,,food
-933qge_IUCNPlemsnmJyQ,ALkOqlWODyxPg5VSp0HLrg,"Oropon beef and P-Toro",food
-946I2B1L7mgb7pZ2laj5w,YYE0C8FeDpB6zqB0kSEh7w,,inside
-95RRCLiPY4LUQ76X8bBbw,QTSCFDPcuROE8UCvGS8Fiw,,food
-96Sw85iSP_j3xqpcZFSyQ,OWMCp8jmbjouogxcKarQFg,,food
-97FKsiUh9stYL9fG83lsQ,BrhyYc1-gn3lPuhlkqNk2w,"Salad   $2.95",food
-98H1_fPBrddWeiLiWvoyg,B4-2wA8Pj8MQK1Ylymypqg,"Big boy meal",food
-9b-K-aggscL_5tKKrZSHA,8OeHn9KCbICuRBs_XiDDUA,,inside
-9ccBI81z6MtAYzx14Bbkw,aLcFhMe6DDJ430zelCpd2A,,inside
-9CflmZqlvue-lSe3AhZNw,V4ChRa_c1DNxJfbeF09MJQ,"delicious Tosta Mista -- grilled ham & cheese",food
-9ciPSd2-jJtAWSAq6qncQ,m2zASwlOL2vecCKHfmGAnQ,,inside
-9cPp0VhTzg8Ju7huQ3CuQ,vzrcPqSdRY41GoO5DR5pYA,"Happy Hour - Blue Cheese Sliders",food
-9dyPcjyOnuvx5My0EjRpw,sARavfidmIS878q5BtlyVQ,""Foie Royale" - Australian Summer Truffles, Hudson Valley Foie Gras, Plum, Almond Milk",food
-9e6ud7vw1fQGs1xqsoQSw,gtVPsVK83JkeyrN1C1ozeQ,,food
-9Fb8jFewDlQEmOvOIlx2w,_2Wbpm821bdNsh-gyqufrg,"Grande Avocado Chicken Bowl",food
-9GUFNRtD2rH5otm5OLCAg,Voeq7aGDmCGMjE_SQiHwRA,,food
-9GWcN_9ury3SqrqUg_54Q,364hhL5st0LV16UcBHRJ3A,"Choco 10. Amazing!!! Shaila Best Pastry Chef",food
-9gYMa8A1sXs0jAq5ot-UQ,2rvBPUBtQU0WfcOAHLQWRQ,,food
-9h2sjmIAzeMeE94dvWXTA,lwxYmWqjmEZ0ukCsXC9Pfg,"Anatomy of a meatball personal deep dish.  Sausage coats the entire crust",food
-9h34tbp9BLE5rvfmoQarg,DMmeFKsUuMl0kDy7Zd7W3A,,food
-9H9aMfF3VsNtgnNyctHhw,Y6ERro4P_wmneOWj07n94A,"Chicken Wings",food
-9HG3fTXimsJSAgMUaigfw,uGupeWqih0yIcCg8anM1PA,"Venetian outside.",outside
-9IIekwW3j9xLbvvZh8ShQ,mJhJLrBSJ7fdibbyFf53mA,,food
-9IRbJxLDyVUCKaGUnzMpw,jq1cO9G62R-CaL6Jq0BcCg,,drink
-9jesgddhpKvMvq34_T9WA,etO9sOm3q_Od3NT-B7EXDA,,food
-9js15vr0WBVIvlr8I3cng,rZwq4LBO0p9m9zJ2zSEKNQ,Pasta.,food
-9KRmU8bWw7owK4l8hND1w,GQ3Ttp1oHVrORaM84cZTfw,,inside
-9kylqvs7mCBwVU7scmZtQ,3f0-EXRF0oy6NDsFh9TJKA,"Kimchi and yams",food
-9lBGTCmwzRkkHtJCr0Isw,_qA2HPqgLiBc-M4wRyml0g,,inside
-9LwfzQ0ZoFk0RM12O4xCw,QNfh79NwsNnl-AngRhg2ww,"Lightly torched toro",food
-9mzMMumAEqxvcw_QQMJug,7_fSCfnTZce6ZzjpnpJ69g,,food
-9N10WABQEYDddTlCjxJXw,lwxYmWqjmEZ0ukCsXC9Pfg,"Penthouse suite",inside
-9Nh64mvyVv_T_UYvXERrw,gG9z6zr_49LocyCTvSFg0w,"What's left of my raspberry fruit tie!",food
-9NL1MJmXpUKB6vqTgJ7rA,fhx1yUZlC1QwovIjdYeGiw,"Upstairs lounge",inside
-9ok3lT9PbyOOfz-4YfJtg,xd1JeV7oqs47Fra9qtJoGQ,,food
-9OL7pnNNY4c3oGW2OdllA,KhvuMJpYNNySVxsu2o1eqg,,inside
-9PeVkD8pe5tORvRioCQfg,9P23-V64kYz3trn9ecaJJA,,food
-9PTmktIRTsvnZmtxTigig,cz6BqzzzcgO7FoWGzbQgcg,,inside
-9q04K8BG-o7tD1l1gvzgA,PzRgohlnHNN0C0Len1At0Q,,food
-9rhzxlhV8M1SIidRN1oXA,FMMNajth88mWX76QVp6N9Q,"lunch buffet, round 2",food
-9sg67RUvYxpCu_3TAMQ9w,faPVqws-x-5k2CQKDNtHxw,"Mac and cheese is baller",food
-9StjU6Z-_9_cziw3AqInQ,xvWNuKzFoZTWpznbxYM1SA,,food
-9tgh_7W8ZMBDEykKqL72Q,CogdxyYsTtyHyTMuj0RgFQ,,inside
-9vJ_loYgiks2UyRfDfHSw,fja2EnaSxKu1D7uctMhw-w,"Mini Coconut Cupcakes",food
-9Vr6p7JoVmcunU9lkqZrQ,UTXNr62dGSK-tet8OeXUcQ,"Right by the High Roller!",outside
-9vZggnPrTQWUdn1YeVnyQ,_4Gpn_NIM94D9OFucgfaJQ,"Lobster tail, sautéed mushrooms & spinach",food
-9WSbUunRhjC5IWML5MLuA,KOEBBp2PhiV_4PkW9eo9Sg,"Falafel Entree",food
-9w_WgQm3c0hPfxsprXndQ,W3HK_fNzim0paEyhUN1iXA,"Dinner buffet.",inside
-9Y14KexkC-OOEDuQJfOUA,jF3sWSqa-6TyROZgSUGrIw,,inside
-9Z0Nq1lX-JoMr4r5OySgQ,aLJrD7AwySfSvYx9fNvJRg,"A pic of a smiling LaToya Jackson greets you as you enter",inside
-9_XQrB4zdb0-_VTeuJKFw,ii8sAGBexBOJoYRFafF9XQ,,outside
-a-wjGyXDzZXBlrEs8UYPQ,CyU3l-0QfH2boVmYAP-o1A,"Storefront exterior. Now open!",outside
-A1JMUw6sovn5ZoVATsDBA,6H8xfhoZ2IGa3eNiY5FqLA,,food
-a1QqyVBBEvOdgiJa8ec_A,-T0PYhlC2vrXoG2L7LjCGg,,food
-a2hgON0c1FdkE89nUfL6w,Pktuj7R2lsTymGj0nNL5fA,,food
-A3dgqJ4h4ipctxxFV0WhQ,lcGQQi3ioHzeZDsEm-o1Jg,"Chicken Wings",food
-a3GwDlpi11fkJLz9SKtyg,gTlKDwjfiNvCc5mnl8p1NQ,"Lechon Asado con Congri.... que delicia!",food
-A3Lg6cyPdDUS5_oz4NESw,iCQpiavjjPzJ5_3gPD5Ebg,,inside
-A51BBDzVlEjhcofRE_Rfw,0FUtlsQrJI7LhqDPxLumEw,"BBQ CHICKEN PIZZA",food
-a5Jtgk4EzdELetPNLKasw,wpQsmMvdhefqIlxvRt_Jbg,,food
-A5mOuCmQ54-45U7IuZozA,OVn8rF10-r1QR9gvAlICrg,,food
-a5PIq2fhHbzsK2xYFA-gw,V6wvYu4pw6Nf2F4Y2e579g,,inside
-a6lf_yd6-6S45PAFDSqMg,P8uECqGqXWTwEndkh-6bQw,,food
-a8c4PMeLWEdl2PS9A8Mng,S7VVVT1a_fYdTifBrx4_6A,,food
-a8iyXUg8z5sdU7kO5fxSQ,s_LitDugc1df67V-_prD6Q,"Strawberry ice cream and honeydew milky dessert!",food
-a8JuXOlbJY0WM2YsOUUtQ,inWP6FrTecbCjgbxAxK0dQ,"Chicken Broccoli Alfredo",food
-a9approRpSTwmGHU5h_vw,umADfVGZDjsYmDxXX8knXA,,food
-a9MTzwztjp4VrVI8YLoRw,QJatAcxYgK1Zp9BRZMAx7g,"Crinkle Cut Fries",food
-A9vr2vV84HrgBoIrPW_MA,tstimHoMcYbkSC4eBA1wEg,"Apple Empanada",food
-aac54e9ErZtNJ2BtAbx1g,6_v97fe6FsGj-kcKLljc8w,"900 degrees. Wood fired brick oven. Creates the perfect char on your crust.",inside
-aahQGYa6sp9ZdmBdZZVFg,K7lWdNUhCbcnEvI0NhGewg,,food
-aAQwgFOpI7wqa0_zCmAnQ,MYn-VzURyyDQqz0l5-PmDQ,"PASTRAMI COMBO",food
-AASryyR1xZXMKfeFU8f6g,zFUsSyXtDqVkx5hNzN4-gg,,inside
-Ab0jbx5ARuM_If_JZzN1g,WizGXNkcaRahwTExF90KYw,"Fall-off-the-Bone Ribs in our homemade Red Sauce",food
-aB1B3ImvFECgF5MrpUUaQ,c2l80imPWR8V6gIEM02XPg,"House lo mein",food
-ABFrLsxKKFX2yh1ukFbbA,gc_GGat7TgNCmrgc4nVOgw,,inside
-aBGqPBo_0mWGp4JZsTSxw,llifBVCFAnr124WdKXmtLg,"Dessert... Baklava and pistachio Lebanese cookies. Baklava was the best I've had... Not too sweet like it is a lot of the time.",food
-aBMih1DEPTc1T8kmZdqvQ,LelAlfuj5oVRF9CQdWLsNQ,"Caramel apple french toast, Quinoa burrito, Spicy sausage scramble, with their moscow mule",food
-AbnFZNpK0S44FWUtpfGwg,LkmRdUKz7cKNls3BpKHxRA,,inside
-aceUmwu2GnOK4KZ-QIr6Q,kRhjWeAPs-U5RmakIKz0Pg,,food
-aDenUDuA47oGF9r3kuSng,arv3T_av9OoVo3SvxV4TXw,,inside
-AdHkwu4TgnuqsDq3S6sFQ,6nbPXEjmBnDtsgM_YNwGjw,"Short rib plate",food
-Adhpecn-cUtrzEVrJR7qw,r8Jr-7YfkhJL2nxk9lxUNg,"Take out order of their chicken fajitas",inside
-ADi_X7BHbZShOFUdnOLmA,0HyuO5rOKeaa08TFzjIJIA,,food
-AdWAHv-tEol7S6xYtu13A,q3dJQtwZQrrurNT-1bNKgQ,"Live singer",inside
-aEe4s3eD3vCwq0tKGJulg,xRvYQAsNem4ezgUaON1B7w,,drink
-AepeNR8dBWw7TzLWmP2Tg,8uU3DrUjqqNsIcrrUL9lfg,"Fast Eddie! My man!",inside
-aEuubhtYbMPsqJWV55lbA,5cE4IXLzN4-MmQ4NH4ubRw,,inside
-AF8IEu4_zmTakk486RN_A,foQZ6guS0l49trURKh7vlA,"View of the Strip from the restaurant seating",outside
-AFxaQV494TyhsAc8Kx0bg,8796vXaydw2aY_zER0n9uA,"Salmon pasty.",food
-aFzCWoUIsJ3AScLixuxgg,zhgn0Isb5ZkXrB7OWbat6A,"Don't be fooled by the outside.  This place is beautiful inside and on the patio out back by the river!",outside
-aG1ma6FntnCLnU74ldYdw,iN3SrF5NO0xSf6umeUws-Q,"Upscale filibertos, with mediocre food. Was kinda disappointed. But they might have had a bad night.",inside
-agAxQA_uIOe9XT2rwykOA,EjS8cFHBK_rvgXqfEU4jKw,"Prassopita (Vegan): Leek + potatoe",food
-aGKEz0h1U5RXQHYrGf3Kg,SLx-vB9LnRtC83oAeVdAuA,,inside
-AGkYA2BGiCf3ByUDWr5gg,Mksyt1TZQ-7vzCZjeuzfAg,"Crispy Pork, garlic rice and coconut ginger vegetables",food
-aGnwGRU-Bc441nNJOcSmw,IU31IE28AnAduEqJ5Gzvkg,Bagels!,food
-agPXGSzTSzzg3qkjny5Dw,7yntwIUh2ZEkWGe9Zth7tw,,food
-Ah7CeiAFVZ8UY9tIU7gnQ,SYPwKsDD6I_eoi3XlgcOBg,,food
-AhpYrUoL-PqSEdvRqSxqw,6App6DCpDQ9q7Htgr8zJrQ,"Jerk Pork",food
-AHQWWpfQOd_fvrUoy8DXA,5Zc41a446gV3K_o7CDs69Q,"Themed Pinball machines.",inside
-AI4h6G6cr2GhoRFbyeLCw,j6-aksaGFMUKwMXLbyf8gA,,inside
-AIFrSLiYc6zIfA3xHy0_Q,bu4hyEunQWhCrNDwpb1Nxw,,outside
-AIHeZCFGDc4zqMP-l0VTw,9a3DrZvpYxVs3k_qwlCNSw,,food
-AiuDhkE8683h8va__mFnQ,oZHbPhIj01_31jqD053a_Q,,food
-AIUiU2vnkZjD5Q3iSRwEA,kctSmjXXK_1laQV7J8-3Cg,,inside
-Aja6BuhwuhoISo5TqvgRQ,l2Gfm3CA20iCBCBt_GNdDA,"Some of our featured dishes",food
-AJM0YX6GC_U6XHVt6dokw,dsvLqlcYaD0QbVGjVKm-lg,"Flat screen in the dining room",inside
-aKbJxevzMcF2rYQ4eykGQ,FX-SEG7AyIBJmAmt3rVNJA,"Saviari Tea & Cocktail Lounge",outside
-AkrzdNbkKNqAA9qDX3eYA,RESDUcs7fIiihp38-d6_6g,"My dessert plate. Loved everything esp the green tea cake",food
-aLZQ2OCBWMk3NMOLnyNZg,G9jwU3O0HOXTHt43eJi2mg,"Fried oyster - perfectly cup raunchy on the outside, juicy on the inside.",food
-am46yS3Y7rzo-Ply47htA,KalAJyO0Zpg3K1wVwYXBHA,"There were ducks and black swans swimming that day",outside
-Am9O3JJgQS0pgxqihu7tA,Fbk6eQYNIOze1JAkXiqNvQ,,food
-aMggFOU5HSspO_5ec-H1Q,9qxOJ8fMEFMXR0ihA1xd8A,"The CREW!",inside
-aMOtek4PeRrlIVn9ZrU3Q,VBhPgceaKWOXT71d3Jp38w,"Blue Bay Thai spiced mussels appwith crispy soba and aioli.",food
-AM_UP5nvnmXuzQdZfligw,L6-rMdUvJXGUzrNdhiNT6A,"Gatherers Platter - Stuffed cabbage, potato cheese pierogi and a side dish!",food
-anlKL9XsANMEaFn5oSGOw,bIrm3zw9GQO2C8oX9Neieg,,outside
-AnOtKIvpcATqJ1_f6dlvQ,0d0i0FaJq1GIeW1rS2D-5w,"MENU PHOTO: most everything under $12, but you are missing out if you don't order The Original.",inside
-anqGm6l74bD7NS-XHyy_w,MYnD-mEnOXNqrfIT2GeZqA,"The Wilber",food
-ao-lEWOL60B1BlvhQeKEw,36-3H9K1at1NdKgf9vRPQA,"brag wall with lots of awards",inside
-AOnZTqFgnYAxp7Viyi4IQ,JpgVl3d20CMRNjf1DVnzGA,"Birthday Dinner! Delicious!",inside
-AorMA7XGq8lniVzHTUIvQ,z0wEFGBsImCbbDKNBrmiMw,,inside
-aoUNHzwKnSZevMo01bm_Q,EfAqol3tWckyNrBMIooJmg,,food
-aPE7AfEeQV-voty4QyWYQ,oPZBmtQnESS5VAGl31knTw,,food
-aPeVGUFeZGgSdXBUANVZg,Fy4t2XHIRKwMk_ocCZze0Q,,inside
-ApmfavEqDEkNCbmdlY-dg,esBRj9uPRzwxaW4Lz1XGLA,"Half Dozen Oysters",food
-Apo8rq4pKWhf1scYsbMQw,ALwAlxItASeEs2vYAeLXHA,,food
-ApsS9priAEFuI9grebD1g,b908mnxrJ1b8VXOFfQ9h2A,,food
-aQstvbJCV9xDHkmUZTOMw,D1BrHyiZON7u_ef-qt4_Uw,,inside
-ArEy9rBveSDoMEogFrVBA,lFva3eDk1GRvJAWKknQKig,,food
-ARj3KObFwusFGCTvEiYVQ,tf8Ge1hPe-zGZIHI2Cgvyg,,food
-aROGpBsr-WNunkt_5-OQA,Vay9xHwcvu7VRZOddBgn-A,inside,inside
-ArR8ynkaSoc2RhoK67Cfw,j1yBqI57HIyVP_e1N374cQ,"the special of the day: smoked salmon scrambled eggs",food
-aS1brB7hktBdGhTfVAhTA,XpB1GKENtgaaO4KoV-uswQ,,food
-aScM_6sBlGBlUf-BYR4xg,dt98YQKpfQ1onQcQ8qpV5g,,food
-aSHCBOhLIwrR8K9qJ1KLQ,v_D0vgZa-apWjh5zSDc2xw,,inside
-AsM8EygyrQ0jXk-VE0wHw,pcG0vJiTtDcTb0y3pKFUZQ,,food
-asTq1X6TEzHcm5wy6kkLQ,fP4sMlVw_MvyGNv4xeTGDA,,food
-AszNNFheYwie3KKxCCkMg,niacDKknyO9ZSfRQDHX6ZA,,food
-At-m0Yp-wKPU5NK1mhZ0w,jBAxyzIJ22B4jSseTDKuEg,,food
-At3oUxnGCuc9_LpQDhP0g,0_mJttUgHIzC-NO18gcgBA,,inside
-at5tmDumbOueq99oUcjHQ,QMKgn9p_hRUlumBDAAfWlA,"Suman – Sticky Rice with Ube, Mango, Crispy Coconut",food
-atFBVwkIENQhU0ovXF0ZQ,OA5Li3ySzhrbG_WvD_QGYA,Bar,inside
-ATMBUpjtkIzrC0ZYZmI9w,c9UmJiX2G7hKMpivZ3h1oQ,,food
-auvStszoYL040tnU8FICw,Fy4t2XHIRKwMk_ocCZze0Q,"40oz "Tomahawk" Bone-In Ribeye",food
-aUYfCxDr_L0Ltdl_UZrgA,_AVXgkX4DiNQAQj_3tNhFQ,,food
-AuYvk2ZXNh5jDXaK_UD4g,cEFnJrDaz7BLO0xOCJlF6A,,inside
-AvKB7uu0LA7sDo7SqhKiQ,hSKL-eAU_9rEyA3qmm8l-Q,"Inside decor",inside
-awDr6sLp5VcwGOqhRbvOw,z8H4Mdzl4jS9pYswj6Jf9w,"Braised octopus, b.c. clams, bone marrow",food
-AxfyFVOx3s1XyPr8yWDWw,Mrqk1ydkvgKtlxrExCv6gQ,Yum!,food
-aXpTKZmFWIksS7ZLIN_vA,_S3eZSakBRolTK-QkW7K0w,"Restaurant Zeidlerstube",inside
-ay-bO71mkaLXQ0cVBVvog,hlhFGwb30sZnrx7NkDX5Kw,,inside
-ay0pp8yrn8ZFDNT9SJ2Uw,z4K95Y4P5nMrtJiDtXWDYA,,food
-aYuePw89_grXAvrK5blJQ,pPrkPjvS1tusBcgtLYs__A,,food
-AYXJla_RpYmP0YdNhScaw,_5PJ4GHIXNdUdXtohylKGQ,,food
-ayy0uyfksRgaAuZEc8ZnA,pfmr8R3WH8RXqW0W6D8ffQ,"B-day dinner",inside
-Az-71K2J7RWtpsUM4scCA,SEURrw7032BR15PKZ_aleA,dessert,food
-AZAa5AwgImv_1Zy7TGI_A,CVKOPzBVOj3_apFUmZ9ZWw,Fishwich,food
-AZBM3thjV1lO_LAX_v10g,yv8m3r2v3xQtDCYnwJa99Q,,food
-azedKcKCIkACdFPoqPQNg,lJh661dhjD5BDz5QrBEUeQ,,food
-aZGjRTENAdbUj0lR8GYAA,JvHv4HDT7sU7rMYyDzJuMQ,,food
-aZiK1_rtdgyDB2a7GDGVA,mOaHJZYTsgB0G_TIKykFAA,"Mac N Cheese and Hushpuppies! The Mac N Cheese was very cheesy, but a bit boring. The pups were good! Tasty breading inside :)",food
-A_fSAsAmwQt_PXkwMIwnw,eISyaSdeTWQA2z9k-r_F4Q,,food
-a_PsJVlPp_xJMk8CHoWtA,Sk0Ycurq7D083Qs8x65b_Q,Tuna,food
-b-a514QyWx6sbpfbYRPmg,uDeycmwCy26ALJHeG3SsEA,,food
-B-i_23W8OJsxppk1RDvzw,llKBbswD5XIb-kXFSCP9Tg,"Dining room.",inside
-B0lfxdC2XQMgYMP3AJ5lw,Z4TFS7pnp1p2zExT-uq9AA,,food
-B1D2CFInaELkWbUDvU3cw,IqCvkoDvvImXuzGrpeiDMA,"Fried plantains",food
-b1FalYQZMQHGS6R5k1jfw,1Ru2OnRjvUCMiZtYE9z8JQ,"Grand Opening!!! July 21st!!!",outside
-b2ANJQrHUcMrT0j3oq9BQ,OETh78qcgDltvHULowwhJg,"Steak or Beef Wellington?",inside
-B2dcCqWg9UBCh3DkCcSHQ,RypJ1Rhq7Y8GFdP5UFbzUg,"The food spread",inside
-b2yvQqrIga-9bjjs3G77g,8pewDasd0KjSHI90hFo8xw,"Licked my plate.",food
-B3c3Ut9So9sLvC6ToycEw,N9Q2HlpqeG2NKbvqJI-REw,"Shrimp pad Thai.",food
-B4WYXxqj-sc0e9Eu3XEnw,ppyUsjr_baAojLKyAAO1uw,"Friday Night Dinner Series - changes each week, but all so delish!",food
-b5sAMYIejDdJ6Tmh8VORA,Bhj4G0ArZqRvz9DprbNX3A,,inside
-B71fT00I62e5ZpADPK0Ow,vsFFbN71ehRCp46KeR5RdQ,"Butterfield's Pancake House, Scottsdale, Arizona",outside
-b7fnpPlUnKiP-u6VneY4g,erRdoBvb4ywWky3KMjtVdg,"dried scallop and pork",food
-b7kLfKEBSWoaunsBITdbg,tA5mqEP68qjbTFK9c14D7A,"Our Famous Popcorn Chicken",food
-b7RB8pCMWYk3UOCgng30Q,XmL8O-UHySNZF4QE-GoSjA,,food
-B8zcAEu7DVjtDOnRTKhGg,crstB-H5rOfbXhV8pX0e6g,"White sesame shio ramen - $9.6",food
-b9lMPK5cyTMCox4Npzuww,2rLuOMi6Q6zzqUU8ltreSA,,food
-bb7S-l5a9JQJjzxjHK0dw,3ohJ9WQLb5Cbb_j1zdJ-xg,,food
-BBfW3pQd9kiRDjbvzwXpg,9ot8oInkYZTt6wkkGe__vQ,,food
-BBIyFBvgEifWzQGyvtcUw,Gvj_nneJoAvB7MkVWvAxmQ,,food
-bBZBDxVv2l0FOLcg6aXKw,YxwxKqemcKwV4vIQXhVv_w,"Close-up of the pizza of the month! Check out the rest of our photos to see what it includes.",food
-bc9MSbKuKI_zYM01J2WXw,5lafAKe2CvYteHvzdZl34A,,drink
-bDaeHhqcGqvOtt3VzocMA,C1zlvNlxlGZB8g0162QslQ,,food
-BDJG7naRpCSI7UM8ALV3w,5cBF1x9873GVQ6FIw_Fnjg,,food
-bdr_qzTZUFKEKrfQaMuyQ,ZQ0CBGI50UsOq2BZe1WIHQ,,inside
-Be-55P8fOuGShrkbtixzA,DZvVyvav740Tpwi5xQoNeQ,,inside
-Be6ptc7_fZhHwpj5QCpzg,tUiJdFccD4DaEZOZS-IhmQ,"Nice bar!",inside
-beBDxXkxKQpSVVy6wJ2Yg,evdJO0v9rvVixieNEnaeJg,"Went here tonight with a friend to try a new sushi place out and I will be returning again.",food
-BEMpgx3XcM0-SgcHQT4lA,2WIAxl7AmKSWMhDdZ8rCBg,,outside
-BeTrYRAOeUPn7cwdE5h_g,lKq4Qsz13FDcAVgp49uukQ,,drink
-bFSxCaYwlNW55ybVRQ1OQ,3cHL1r5w2oLYH-veijtweA,Poutine,food
-bFt7C3QPhf5uetvZRoo9g,UotZUkpcI0p2J8RUAD36Ng,"At home aging Whiskey Barrel",inside
-BGAwzzytj0IAWsXdhvFyg,u46u7wkAm6C_o-SxLY_BOA,,inside
-BGcPvQ373UUDSicB5L2gQ,R-GbmmHHfAyPo1qs4jo0TA,"Beautiful night here during #Anthrocon!",inside
-BgzpEGzZup4jFT1shXHXw,pHpU8lnnxMuPWRHOysuMIQ,"STRAWBERRY FIELDS",food
-BH4MLrp1oGYBok0JJLTWw,WKOUTdVJS58E178JjhwidQ,"Strawberry cheesecake waffle. Favourite!",food
-BHjzs815PDiP_RMkW7Fsg,RESDUcs7fIiihp38-d6_6g,,food
-Bhk6IagxErDZVCjAWj9iw,UYh1N1xQhOh-a7nX92xPzQ,"Nicely decorated. View from the entrance.",inside
-BhMixqd-hYeNcQhzxrWRA,hT3pnZ6HR7oLDE-LfxAElQ,"Veal Parmesan",food
-BHpeAjgbsFQ_XWX1CyYyA,TCoBE_BkDRrK0bWrh5VueQ,"Order first than pay later",inside
-BhqH0NEQdTlBe4mkOU4Hg,6K_9C9qQ5sDrmbtEQKjU_g,"Lobster Taco",food
-BHt0QixtbJbc3ppLTW4Ig,RyDiwx4xD3Lx8sWHx1aFlQ,Sides,drink
-bhuygdGHMp6e681ZIaMBg,UxWH8zRYIBgs6Q2oykvRdw,,food
-bInHHKN820ipqkWlEhaxw,5NRLnaFBxO4V7bN5ENaefA,"Rooftop dining",inside
-bIwNglCPccyyDP5YZzFfg,DKXUkIrFnMUMF535gf-dPA,,food
-bJ7PdXkDonL_VoIV0p39Q,cXmlv2WBzuB6JLMhaCvLuQ,,food
-bJpRi5HzsqE5HPawrULCA,_t8B7bb-Q7kmn50kvGEKzw,,food
-BJWq6TinayxoCbmPblTMw,G_ixz-lp77f8zY5jghbFdQ,"Free Falafel",food
-BK-qRMCNCS3juVi2M_RRQ,uh7DUWtPoZkuEE05fghJ_w,,drink
-bKar0qcXQnusrCabx2muQ,CB8_BQHSOkQiTCl5em9Xvw,Restaurant,outside
-bKLfzCT2udEn8BKv_Q-rg,r8hF3kwnZzxTo1IYNcI6rg,"Interior & that man standing is "Jose" who was simply incredible. Loved the service!",inside
-bL6YPFQnyJhL1sqsXCpsw,Wxuym8s_AXGkLtnS7HGbCA,,food
-blA3YQ5P9GKu9rr15suWQ,oZcbn7ENit23xbCsyu9xbA,,inside
-BLiI8_i7V4K9WA-vawKrA,HK2Ki-PvnNN-YMTlX1uSVA,"Two item plate, Katsu Chicken and Seared Garlic Ahi. The Katsu is good here, but the Garlic Ahi is amazing!  Yum :)",food
-BLMpG_AdjnnCAYHNT8wdg,A0X1baHPgw9IiBRivu0G9g,"Pain Aux Raisins( this is half size).",food
-Bl_eHNb8oBBf9WrPJXZpQ,uejutOD4_-IUaY5cKkpezg,"The wine bar!",inside
-bMAWJWlQKAWD5E7YBsEaA,-FWhwGTP9YsV_5ONgdQ4hg,"Cucumber and Tomato Balsamic Salad",food
-bmd_wmDRCQYuLPbpyZJ8A,RESDUcs7fIiihp38-d6_6g,"Vanilla Fleur de Sel Gelato, Salty Caramel, Candied Almonds",food
-bMfV6_Hui_E0r5hQSSgWA,XhUec_6-kgPy1_ZYUrzvPQ,,food
-BMK04unLWpPOFafrWK-hw,9p80iZvVnZdw9U5wtDyp4Q,,food
-BndFel2H7FmFNxX_1AH8Q,86960smNehvjHzkwHsqOHQ,,inside
-bNDlrKMejGfvRpyDnb8MA,ls9OapWdKvheW60_qq54Vw,"inside at night",inside
-bNq0D3dh_-NknuOFZpuvw,tPyKZPLJ-Wrm4CrEJbxFuA,,food
-boiMkunefdsNQijHqnfrA,vlh_e6Ftu2MyS0K-e-wdYA,"Order counter",inside
-Bpp22oNDGOqsTEpn4OWMA,pSQFynH1VxkfSmehRXlZWw,""Wiseguy"",food
-bpyOFpGiJsOzh_y17cTMQ,-KIdCJnkt5N8rnnmWR5MQg,Outside,outside
-bQ28PFJNpMxeiD7t-RA7Q,3hmoQIAUaYF9u_QaxfjwwQ,,outside
-bqkKdHAMk3d7tJAk1TijA,vAUDxhbsWZKI8NJlsYwCMA,,inside
-bQmtjh-oJ3d1i3Kr32AEQ,dT9316C_MJjATvv7GByROg,"Palms Pool & Dayclub",outside
-BQU9cRlmV_rhCuVQdXN6A,H3VefbNVj3vLw7w5aC7d8w,,food
-brTrvrK4rFC017lUthgFw,xfzDtGxx6B4a27RAyah69w,,inside
-BrZz4y_WxaTRVSKCQRANQ,f5iC98vNAziOiAuWGP6Jww,,food
-Bs7hHXCtu1Djyt4Qaeppw,he4eEowj91l5g2HkSbgZ2A,,food
-bsDEXz-3JHhkgclfjpWhQ,Wpd_2mn5d792KgPZUOOMHQ,,outside
-bSPlf4iHaUQFYF5pe-iEQ,cyzOijFJ82cae6qH6L8vuw,"Crispy Lemongrass Catfish",food
-bTK3Kfxuwv_Y6h8wLFzJw,9HG09ZNqzrEUz-ipSTRkKA,,food
-bTKhKQYb4PAsSLQ-NFEEA,htK8VGscVVAiOGnsaZFNsQ,,food
-BU4zRV6dqXyYcnUIC9pQA,m9ZzN90XEU36YnoPIFzkmA,,inside
-bUbKnyCUNJxjLJ1RF-FHQ,dzKDFiWLkspVBJKGfT0M2g,,food
-bUG24LVf8_qci-Xam5f0g,XlUuMGMvkzy_QLAUTEe-fw,"Inside the restaurant",inside
-bUI621gw3sGRl_LVgDvVQ,0-k_-9YoWXpmtiaLdKeQJQ,"Lots of ambient light",inside
-bULMxdYUucR47-F9ZJfdw,sPzLsm3l1eUPMzz3ZJJu_w,"Athenagreek cuisine",inside
-BUuz2YlE-Q1-1Zer12KsA,UDk7qUVIetK3Y3NuARguqg,"SAFFRON RICE: Basmati rice cooked with Saffron and touch of Cream  $4.99",food
-Bv0kcBXiuJrDm1DR9wgxQ,iNhP0ejUf2jVzaR5YCOoEQ,,inside
-bv0SAiHkKrP422BFwzbAw,0NmTwqYEQiKErDv4a55obg,,inside
-Bv8WS5mLC5D1cPTKDr7mA,bOvX5rHfdgKsjzOUIKOC6A,,inside
-BvCS2CLMGaHfU6LKpN2_w,rNKaormrHcdJhA_HDmUe6A,Muffins,food
-BvRZTXs3YZVW9Rg_15aPg,h36qA5gnNTgByhxWx1aH-Q,,food
-BvunEc-gId0yg1_Opr3ZQ,yet0Pww_ouW49T7V41ecSw,"Beers of India!",drink
-Bw2oVW0CYQkE00H_JWprw,kDo4Lu9V3EKJ0QXzIQ1t0w,"Newest Chandler hot spot!!! Very Nice!!!",inside
-BW3_22b7O264SJCdLCD_w,1K4qrnfyzKzGgJPBEcJaNQ,"Barritas de Margarita - Citrus Margarita bars",food
-BwKsPo5PSlqNg9v5lUL-A,-L9TeQN_JgLBvqf9wmsBVQ,,outside
-BwNf5sX_WtK5qqg1un21w,w_A1qFeQ3vOl7o4kdBxPXA,,food
-bwyD0PlFRyonoSA_qYNAQ,AKQbrvRBZvU5kB9Ut4gVkg,"Ravioli Caprese",food
-BX73-DyZm6a9y5wWd9Yog,XC06xxb7FFYsXcI2E38IIw,"Chilling at Hillstone Biltmore",inside
-bXBUy96xv9Z_Hw_uO9JGg,2HMvoTz_hw0noLzBWmyxcA,"Photo from hendersonsofedinburgh.co.uk",inside
-by04fTaELERxHe1gpplnA,-LEEZE91iSsjKHVlM47X_Q,"Deceased 10-3-2014",inside
-BYEeveQpBz5C8x1he3KEg,I8cCdp3q_5oCEykzZgPkQw,,outside
-ByEvJPqxAS0OFzvQjzenQ,aNGcHb8rjFFI9nY_fUgImg,,inside
-bz8droHmm6blPT88l4aNQ,yNS9sDkxDGP9DQV7ilS0NQ,,food
-bzMbsHwgERm_iYPhTK0Uw,JePAAhbOLBDI74VeePOBKw,,food
-BzUlrA0hIPu0K-00WnW1Q,ucJz9Ick_GtR9aG9JJtjTw,,food
-B_B_0XCv_guoyAK2hHwRg,ejaUQ1hYo7Q7xCL1HdPINw,"Front of Restaurant, which was previously a church!",outside
-B_jJnbmrrS3ykk3STUKhA,mc5Ha4QyQZvU7fzr-ubhhw,"Corned Beef Tongue",food
-B_zN1FDX0n1igt6VjdZag,df5IJWW0-C4AJDCS9AwtbQ,,outside
-c-8x7zk05BrGQsK2mjoXQ,dGuQLP6T2Jg3IIES8Lb2bA,"180 Bloor St. West - Now Open!",outside
-C-a9hJGD1WoawpTuvbSDQ,Is_Zo6E-uHddHXt09DI7jQ,,outside
-C-I4izSDAOZlAbqkRVtdw,S47qerKWSdrq2q6XwFgYrg,,food
-C0YOZDNfAXW14YhRUlAsw,uihTyORM9VXHrVA4vKelhg,,inside
-C1mpNz7vuRfOhmfPCtR2Q,an_XYEydjw2xBDUvFHqqMQ,Wings,food
-C1mUohO4HgAXTB2r4AUug,OQD9QYMmI6ZRlKLGkKfAGQ,,drink
-C1Mvry18YCQNkwNG7s0Rw,fYLCKglfKHjgzcOeo4ZDaw,,food
-C3mFdrl4zgbk_62dCljwA,KxGVWLAhwWjEOWfx2R2T8Q,,food
-C6eKnZsHKXR2soSctfibQ,grlL6zmHBOer9rPycsRhBA,,food
-C7-09Q8MXNQGQoQ69C7uQ,aYyj9OdH059CoEXadmldXA,"Fresh tuna flower",food
-C78qJ2XKR10J7gepcubZA,dM8i3hklYuGE2xiVsQZ4Yg,Waffle,food
-c8kB-0YaIfLgKo-xb5fcQ,MVIthKWqwkQz0dai7LkVzQ,,outside
-c93bb21f-7VEkLd4bB_rg,Z3JilPsbidx5KqDCTcdQWg,,food
-c9pZcRtoi_MyrXBVFDT9g,uiShreF9oKvzuqxWWxECAw,,food
-C9ZlLIeg0eXuBHK-mBI4Q,nI-ZmgPjAtiNTTU-_gnoYQ,,outside
-cA6C1NGXHRN_ywoXR_Pgw,Tc511yME8axDPq2J6woxkg,"Lenten Friday Fish Fry",food
-cAdS7YpSe3ROiYb870F7g,6md5a6HzI8oKkBTaOecygg,,inside
-cAgSmTEVp0oYSM8_JUrgQ,MYyJ9orpiRq0prjVq4ku7w,"Cheese pizza",food
-CAQC7WpjAKigF77dvO32g,U8c5AcNhWq1koQwNyzMqkw,Fireplace!,inside
-CARYI3LLM4SCpNEXE_KJw,ruH7MFlSuDua1SuxupNgMw,,food
-CaZQH8_k0WIaLFDOBJqaw,poYsvuOmVDqF4dTnjJ780A,"Banananutella waffle",food
-cbEyq3z3TfAMNBfbU3gbQ,TCoBE_BkDRrK0bWrh5VueQ,"Lengua Taco. I enjoyed the salsa combination. The lengua itself was a tad bit chewier than most.",food
-CbKdsUQY4iGeR6XTf5QNQ,Mx8jCUdhaNbMgx_04DWHdA,BURGER,food
-CC4OW4_jOC0pNJ6woROdg,A8Mw21Wxt4Ao-3aA-a5feQ,"Perfect for semi private gatherings",inside
-cCMsvTVmUX-2jjO89ML7Q,XZbuPXdyA0ZtTu3AzqtQhg,"Bobby Flay's Mesa Grill",inside
-CCYouz8Rj1LTBmUQUnkIg,kL7u1A1lIsefy_NGYZN9vg,"Capicollo & Genoa Salami Panini sandwich with a small Greek salad and a freshly baked chocolate chip cookie.",food
-CD2Ef5Pg85Kj-c08paGEw,6tSvz_21BMo3a4GaItwa0g,Dynamite,food
-CDgbLmYhfwKtgnYbz9J5w,QvxBnMcBPP1z_NAIYCqqdA,,inside
-Cdj4Pu--N3zBhD5IpubVA,yynqjo-lHyMVIrhLZ5jGXg,,food
-CEPhaqEsBQnJtowKrtOfQ,6i_EXDHikHWhhDipzMt8rw,,food
-ce_EFhDSXYSDzavaf4mew,kNwfUukvLd3q38PX0QEDDQ,,inside
-cf7T1Lyiw7bxmB0GvQJWQ,CfYZJ81nL6-6fFqS8OMR9Q,,food
-CfmArfAigBT-sR2T3OAbQ,HYhbeLznSWEl6JIYTllVUA,"Meatballs Sophia's Way",food
-cGAL3QzQkjFzvG3Jz2gPw,XkvvUNCmLIvOts0OftXegw,"So eggy, so good.  Baked Apple Pancake",food
-cgom2W_JMGDShr0RGetCQ,Jk-HrcmtWwYO33kvSCaTfQ,,food
-CGX33esfpKLbGONqNs0UA,erx8tQ0Wdc5YM0FddaKqKA,Tacos!!,food
-CI1ioehKCBDfMYOT4_bvw,tWasMHaS6ZD-xRhevpoqkw,"Nice decorations!",inside
-CIB6fPr5G9KTFT39WEseA,lNVg4jtfTEIAtOkA_0aEPQ,"buffalo balls",food
-CIorr6U2Kgsw5zHo1Mt-A,f-2pMptlB6cWaWnU7zYE_A,"Ribbon cutting ceremony at grand opening",outside
-Ciq7Wut0fuOrStCwLUyaA,etp05l7Tfewp8AOneTcLYg,,inside
-ciqbIV0AE8p98vKIsBNWg,zXJilaBN28oUdX7Owf0fRA,,food
-CiS-NtzqotMR3exTlzv3g,JVJ9v-gFH68m6hA1NyQmbg,,food
-CiZ4-ALVyiuj7eC0DQELw,gBfPyzPRmeOaj3SdcIj0Rw,,food
-cj4L0_elrMOUVOmderM9Q,Gq2P8tBwPXT49wm5EqQakg,,inside
-cjebKAcRpItaR25L3r9DA,33Tr0eRki1Yamzleu4GMdw,croissant.,food
-CJzFCA5PBgYFP940rrN6A,8SwMaPL6AJIs1ZPSZ3NJ4w,"Bulgarian Easter Lamb ($14): Slow Roasted with Spring Salad, Arugula Mashed Potatoes in Lamb Au Jus. Pull apart tender but gamey",food
-CkNk5rVARFoBbtcio541Q,X-_KD0nInfFQYa7MPZE3cQ,"House Ground Burger.",food
-ckqMTRHZx8pbo-IdTU46A,oMtdUzMdo5W5qrldiOGROg,"Sit down dinning",inside
-CKt-uiwbvYvoZF0_y2Y0w,d482l58ho0_IMdFkXX1F5Q,,food
-ckuCLSQBY_ceXcIfAU6GA,EO3i5kTUG7_S2OIQ23sdSA,"Pork bone soup",food
-clGMWJ6nmAE4YAJOy2U2w,2iTsRqUsPGRH1li1WVRvKQ,"Potato Skins – Fried Bologna, Sour Cream",food
-clYo8-8pSk7nrdYQNxE0Q,jMPPJmQBBa3iRuWbYbj1Gg,"Knock out burger",food
-CLzlwWbyOjH1VDUF8unMA,0hKzG1Lq0zTStwzTidyEaw,"The restaurant without a line.",outside
-CM-VpjCwBKMUdPKMsHcBQ,1QxO9G9KrHJ3Yj1d-TAEKg,"Ein Abend unter Freunden im Pier 51 / An Evening Out At Pier51",inside
-Cm0uR0iJ4U8O0Vsv9afLA,bLpWC6IChfKOOy_FGd0bkg,"Boxing 2013",outside
-CM8lOW5dsNYwRcAijOmRg,utIA0LyQmwP-9DRyxUe6qQ,Seriously.....,food
-cMAcm0xOw9breg8aaKsDw,P7pxQFqr7yBKMMI2J51udw,,inside
-cmMh8RD9ZU2PaIqNEVXlA,BgTFsq79xmnRkX0gA1za1Q,,drink
-Cm_d8wi8pZ2tHvjSGg2Mw,pcA3DcjbkkQERU1dbsiSow,"Ghaimeh Bademjan.  Ghaimeh stew topped with marinated eggplant",food
-Cnt83FYt10bitdC25vgPg,FMLJ7orzQQwWxfgeqrvlCQ,"Egg & Bacon",food
-CnWCpBIb-iQqcYgr9xZeg,FTDljmduViAYBqrNEQx3fA,"Spicy Black Bean Burger",food
-CoBnxDWp4dFEF0oM3hGpg,icsmeOong1Ac5AcwKKuqgQ,,food
-cOdf_KsJwKtgyaWAnvacA,O4k4oJXHlv9aST-xL1A-vg,,drink
-COXZhzPAeEu4J9tkKu6CA,RtUvSWO_UZ8V3Wpj0n077w,,inside
-COyEIeBqRXqYHCfu_A3XQ,mG71gQ5HWl7ut9OCN6NJKA,,outside
-CP6mA1m672irXt1D2dnSg,NuExoRpRNRsVgRyF_E5Zhw,,food
-cpg5Fah-GCaAfQCm-t8nw,fdxyed9ej2LZReHMbESIjA,,food
-CpqcV-Gq9dtyKbAHP_kwQ,8xRBpeEcnLSIRaqYbF-JWg,,food
-cps9RXwqo4RrEP4MJhnjA,k7mmURt3jRG4BxpVMlavcA,"Quaint interior.",inside
-cPZigQYGKd47_tnWhab6A,vCcnawY4Q41A1rlnxKBzkA,"Mi Casita's Breakfast Burrito!",food
-cqAfYVPFy0I6CcXhgMP1w,flE7Sn2JGs0n3SAtaep6Zw,,outside
-cqFo1iqG_yWu1qGCqXrhQ,Yv4P4qUwd7F-qQ4Y4eD1JQ,"Spoon pizza",food
-cQxbWo9SLHpDZHW0yWV6Q,LYWbyu1EQM2o5hwHG5_Ldg,Cioppino,food
-CrlPQj4nHE9CsEECt0ZVg,Zv71mk1Ysq56xHzY0MWzUQ,"Inside Restaurant",inside
-CrMPr01iPtd_b5PAvU1CQ,5ma1OUQWy_Ds80xUiP7JPQ,"Tamago burger with mushrooms",food
-crnsOJIyFupNJF5Yp4_pw,s-S2xzhmyWw7TUDet7WBnQ,"Seating Area",outside
-CrThsLzmB0pOg1l8BRC-w,OThAF-lt6d7jY-pB1ajWPg,"Pecan pear salad!",food
-cs6g88fcMo7Ru3OcyXntA,LkXLvwiYIgnOtr5EORwu-A,,food
-CS9tMP-POX3OBuU0Kl6eA,TUh95aNu9iDLUDzqSJNXQA,Exterior,outside
-CsKmJBStnzTFvODbaYyTA,nYzCr8fcJ2ci4aiB1-hB6w,"Close up of salted caramel cake",food
-CslSY0d_yBndVRqiO0nbQ,9wS_BQBh9VGEb0645XBrhA,,outside
-cTDvs-8xWvM2EiZPggylQ,YJ8ljUhLsz6CtT_2ORNFmg,,food
-ctWcHcTlGFvA1e2Sw4vsw,lPljcKGwLlcwkLT5cl0yDg,,food
-ctXjBSAjuKk0Ye_bqnIsw,pTY6Ituad5QIQjcpSvLzTg,,food
-Cuf_ytq9QCq_MElqbgNIw,IJSu7R5hDqX03Fvh8XoUiw,,food
-CuqAo0p_aWMZC0hqyUC3A,GkF0aKUFrmVQhDCfWetG3Q,,food
-cuSR8FgyEJciosLIX8z7Q,LDZL1lr2VqJaspKroDqZHQ,,food
-cUw8UAd7NCHXL-ToYUH0A,uOWWk2duBzNao8fiQFWkJQ,"Golden Roll",food
-CV1EYE4OJn9mXfFEJ5ytw,a5LYGifHY7pSgcWvIuAU1w,"From their website",food
-cVHe0aBSr2-z7rsSIMyAw,NqNbndCn38sDawA0dlpk7A,,outside
-cvMDZKC0WWer2oE_AbWSQ,IWN2heYitkg-D4UdqfxcMA,,outside
-CW78R8i_w0LGcmvlzqG9g,MhiBpIBNTCAm1Xd3WzRzjQ,"Upgraded to Greek fries with feta cheese for $1 more - so with it!!  Overloaded with feta cheese.",food
-CW7IysMGq5LVORt-yytCA,ZeeWNTA3wpabS_0Y1We7DA,,inside
-CwAfUe7WNnE4jLA2zfAkQ,9Oc8UhYNarSisYM9SEBsKQ,,food
-CWl0cgMUukjLH-MctifDg,c0exbGNQvCDJZLorPeYY7Q,"Great breakfast & atmosphere.",inside
-cWlU8K2iVHjjO8P6eVxtA,Vhszq28BSjUnMkFRib3MRw,"Roti canai with Malaysian Curry Chicken",food
-CX7bO3mWHaZc-0MG8eQcA,c5N-XCk-ntpyYRsYkwH7kA,"Bar Code Burger – Short Rib + Brisket + Chuck, Newcastle Onion Jam, Smoked Bacon Aioli, Blue Cheese, Arugula @endoedibles on Instagram",food
-cXbllru1ZmbPr1rhc_QVQ,rL-hprXkcvfYSL9kWBFglQ,"BBQ Bacon cheeseburger",food
-CxdEVzohXb0ZQgfIOpB1g,h2hJyBYCIXU2_om6LYHWHA,"Irish Oreo Milkshake",food
-CXyakzuWhoaf-yJUJB-Ng,ppobG2P-YmqTPy0s4MTRtA,"Crispy deviled eggs.",food
-CxZP_RBaZI_mNe7yCEZEQ,dKqPHZ2VWqMdiAMH1GQJbA,"Pork Belly",food
-CyDrLvJYKbPVlItckT16A,U9aA5H13y7t9xWnoQslV0Q,,food
-cyr4VXc-L1yyo_sksOybg,065c76tt1dXBNmoGBymUgQ,"Cheffini's with avocado and free refill lemonade",food
-CzHv8O--pcQY06mEAyQgw,EwxhzR-VghhMsRObXLMitw,"Lemon Cake",food
-CZkcW90y2sG-L9bgRzWvQ,kI86MfVvZPJUm4RYy3YmUw,,food
-CzmafjtN77z6U7rZL_B9Q,MW20l3gVlw7NzATSOV7Qkw,"The house special porchetta sandwich",food
-CZRvhi2813lAdVjqUdK-Q,3l_rMuRs97IKEA1DCZokOA,,food
-C_9T4yoIohhk9o82Vv6eg,d46IlWJKA0RSoWwKlH9glA,"Pork Skewers/Souvlakis",food
-C_ucbPvNnLLCrn2mw9HJw,1DjtSWDLN16UTffEEu9V8A,,food
-d-raqIdw6oxpAivqjGF5g,TcmODOCbE7t0EvznNLfQLA,,food
-d1-XWmkFXPY5YiabYc9jw,9JCCYWBL3EAK5qb2bjWzAA,,outside
-d15jz0cG3wrYbNJP9PvXg,Yl2TN9c23ZGLUBSD9ks5Uw,"Hand rolled couscous (Brown Butter, Saffron, Herbs) - $6",food
-D1f2WBVYDKMciHGm4C6Tw,MLQeuiL9rqOq_rDKGEcU0A,"The Ambiance - photo by Renée Suen",inside
-d1J0lEcns7SdfbqhKy77Q,RTegy5CUBpMK65pr8UeDgA,"Mixed Bowl of Berries",food
-d1Pvak1snv-AfDHEWRyfA,UTXNr62dGSK-tet8OeXUcQ,"YH Sliders",food
-D2-bOduAgwuTAvRSnkHqg,_myTPlWa8QRN5eavs-hNPg,,food
-d2p71T8PEcdDWEYHNWMnA,XmgdFa3G_CZVfjtQEJMZfQ,"Smoked Meat Sammy in Progress",food
-D35YLNjVq21oFegiuPy7A,_O12nlv3sISPfiNAQVLM4Q,"French-inspired art",inside
-d3b_DeZ1JlZwCBYQV6Ckw,Yl05MqCs9xRzrJFkGWLpgA,"Great for groups!",inside
-d3b_qTxL_bTEgiPR97gBw,q9sJiVCoEzLlpHaYjGk3RA,"Delivering Spring Roll",inside
-D3NbIUYFHBgNTWTeYmmow,qI15oUMWusLnovlnV7DTSA,,food
-d3_VpR0HOwabTs49uV-ug,EL-iUP2pr6aJE2ZRVyNwyA,scones!,food
-d4LWrppyoNuzolOVlh2mA,7fxebHYUwIF6CakxSr70iQ,Porterhouse,food
-D4UeMGSIQkkvJb3ESIIAw,kRgAf6j2y1eR0wOFdzFAuw,Squid,food
-d5_jIbSGSvG42ZySkhO0A,UidEFF1WpnU4duev4fjPlQ,"In the "gnudi" (Baked ricotta, truffle honey, fig jam, roasted almonds & cranberry & walnut crostini)",food
-D60mxtVvUjwZ68IBp0YhQ,K7lWdNUhCbcnEvI0NhGewg,"Carving station",inside
-D7BN_q2YUBULb9U6B7N_Q,RYBGhnFtyZGjlREEfcRFrg,,food
-d7Q388Pcf9CTwrXtjPzbQ,nbTwuhnXEyQRzPIAfGNS8w,,food
-d8Qm0joxanCF-jhbuvhsw,TEaBolNAkOdRm2gvIYz4OQ,"Waiting at the bar for that elusive table.",inside
-D8TDR7__8PuUN35L7mPKQ,k1c_bC3DK6mKg797vH1T8w,,inside
-d9wX-D-rvm4egl4FlCDwA,88Mq2edCXyXRtjmY_Vkarg,Vitello,food
-Da87Oy5A99djKnY8fSGQQ,BnpuVvPy3sfLlkqKCx6Xnw,,food
-DA931ZGOwCEbuUByXx_WQ,WbJ1LRQdOuYYlRLyTkuuxw,"Atlantic Grilled Salmon",food
-dadvjjDwZUjtXuzIKnyTw,bCrMHwCLZzyKsAUOiAL0OA,,inside
-daeq_FbSO1jDPBdKHWzww,0WoQQlMXVIDEgI0xNdENKA,"Inside buffet",inside
-dAWW5ewzei7pp8YeDYbIQ,QnfAHUr5-HTiaA5-va3glQ,"#9 Italian Beef sandwich with au jus",food
-DB2j-YztBDueMp2frIt6A,SVmLmDmLBj3FoArpXjB8wA,"Beef Barbacoa Tacos Ð Limited Time Only",food
-dbDlK7wVyuVHkhfjaAmOA,PjQngP_7m7PA8K1WUHdXqg,,inside
-dCDaRCcPE2_o6FE7ay_Tg,j_hB9Gt3VMJAbA2JyvyFjw,,inside
-DCLAhaDSww7T3A1Fd4TLg,hjYW9HyGDZYhMQnAaejpcw,,food
-dCtUOYdbKxG-IgYN-jshg,MP4-b7jgNB729l5S3L3pEQ,"June 20, 2017",inside
-DdFT3t-hpEstq9tuwb45g,e1wHSNTNt3YgGAtfBfss6w,"I took this as a keen photographer, haven't been a customer yet, but I will do",outside
-DdNDfIEFHCMRPmS6TF-Ww,eoHdUeQDNgQ6WYEnP2aiRw,"The One and Only Las Vegas Strip Steak Sandwich",food
-ddw4Zuz3IOSZmJ85uMXqg,P-nqq5kOv2wV2mB5To5elQ,,food
-DEq8carF39nANiSCXenPg,OU5RFlwAoNaG32P-ZTlgYQ,"Chicken Avocado Overstuffed Quesadilla",food
-dEwn-WN3tjtYT0xV7XDyw,ujHiaprwCQ5ewziu0Vi9rw,,food
-dfsFurN-skOjUOKfhkbHw,m4yD7dvz998cXM51GbRL_Q,"Mel's Diner after hours. Open for breakfast and lunch. Great to see my childhood show in real life.",outside
-dGQIJa_juQe-3yeVpTNKw,FlR7sRTs_xyW8rr2aQHiww,"Chill Bowl Supreme with Butterfingers and strawberry sauce!",food
-dHBh7-bhe8494HD6mscvQ,g7bVip6ncXJC5xzkQMjohQ,"Orange Beef",food
-dHqc8aR4e5T9nSWFQcvpw,9Oc8UhYNarSisYM9SEBsKQ,"Dining Room",inside
-dIe_rNPr_laTxs5f5Oh_g,JogehiyV4QJo8iiQ6xj2Mw,"Tofu bowl",food
-DIUc3g5Un8yArdmEueujA,8uvRaqFJx36Yff7g6f8AYw,,food
-DjFYnQITvApUM_83Alopg,KVsv8wRGnLX8QWoNZKNMQA,"creme brulee duo (marinated plum, apricot miso) $10 April 2009",food
-DjJjlkpo0hjtnO15kusoA,BBJ6Y9Kb2-luoBFBfc8o9w,"Vietnamese Chicken w/ coconut rice",food
-DjjroiN_rTOazQCbJBDDw,oE1EuKY2GmpfIiSGy3YmGw,,inside
-djWdptvuGkRe01RrI8W6Q,hqvqLihniz0ynit9c36JHg,,inside
-DkcGHnQl8nNVj-GJX7yRQ,cPXasVLtq_1gmuSg65TUfQ,"Lunch buffet - tofu, fried chicken, sesame chicken, spicy chicken wings",inside
-dKdErFIxqFQCPrYebrhmg,6Iu4YDjAPrDRRrPCt_E2zA,"Freidy's Filet",food
-dkuZx2a7-ycZQibRLNJaA,N5ODTHBMLxTYZndi-ftTFg,"This is the octopus with smoked mashed potatoes & was delicious.",food
-dlH1AQvPq62L1r5EewlzQ,FBd6q_qzEFixvhV3KdzvJw,,inside
-dLVkYegH5TrMIgm-6pIRw,QxKTm1nGBZhCxCmOGCZdkA,"New look",inside
-Dm51gLRZi4F382S1JnLKw,_gnSt_cqn5XMmLuAhTdC4A,,food
-DmrDndrUZEG9N8VR3b5xw,sARavfidmIS878q5BtlyVQ,Platija,food
-dO0qm_wnr7w6j6RCTep8w,i9D9xPBV0gR1Ja9kbY4NCw,,food
-DPGSFHoDlmZzJ2fMzqhIg,igHYkXZMLAc9UdV5VnR_AA,,inside
-dpH5zvpuzOLUDCbbIr7RQ,4k3RlMAMd46DZ_JyZU0lMg,"Corn butter ramen",food
-dqkBfXOTBLsLMrK8o1qGw,awI4hHMfa7H0Xf0-ChU5hg,"The signature combination pan roast",food
-dQWabZ4zcWAH7z5Dv4BmQ,3uC7Lbc3RgUDTWQlBu4PqQ,12/16,outside
-drL5erRsEJPNFYSJqyeog,sGnfOMRXxrtlBBDOGGirEA,,inside
-DrQdmA1Kh9t3w5MqcnTkw,mUdalYTuAtnZm2K9zoH27Q,"White onion tart, smoked applewood bacon, quail egg, asparagus, Parmesan",food
-drsPnAYtzRuBj3eoZuDvg,Ze4VPogvcD7inc3QuvY_yg,,inside
-DStFi0J70JyMzmdiLWY0w,PwpSY0vO3XlQXKOuqiqZMQ,"Wolfgang Puck's",outside
-dTwhLOZsgTCsceeJba9qQ,ibFdignja_hNpgCjDYP7Ug,,food
-du-9Rzry1FZ8LiPIJZgeA,xVEtGucSRLk5pxxN0t4i6g,"Crispy Arctic Char, taste like salmon, smoked beets, toasted pistachios, horseradish Emulsion",food
-DUFureh5ixsrDJAKrnxlg,l_GV0hgEoTUf70uJVT0_hg,"Masterpiece at work!",inside
-DuJH8POS2CciH2lzGkmHQ,K7lWdNUhCbcnEvI0NhGewg,,inside
-DUOo_KSTHesZyhtoq8lLQ,VDQPizXm5NcxYHcBQbzdGw,,outside
-DuXlQ5OX88w--zqhGaCAg,piZ4JqJI5WTljJuQV7yZHQ,,inside
-DV8nD-aHf-HwfNik6VTmA,2iTsRqUsPGRH1li1WVRvKQ,"Sea Bass – charred lemon, herbed greens @endoedibles on Instagram for more",food
-DwyUBLPFT3G0xHWwHXAZw,UdEmYOnk2iJDY9lpEPAlJQ,,food
-dxgioyiM8DAfj3AZqmwpg,85nvKTJSN8byoeGRxzGkug,,food
-dXjVQlWd8LWyiyikHQGKw,qqs7LP4TXAoOrSlaKRfz3A,Interior,inside
-DxKUHnKst8v-83IBxkuDg,vG7ID9YnW3NcEEcwUfipiQ,"Lahmacun ( Turkish Pizza )",food
-dXlERdwQA6H8Zj4aowUyQ,swM_9CXxkvxEk3fDkjA6PQ,"Shrimp linguine",food
-dXRbTyaa_KxWKo8M13MGg,woXlprCuowrLJswWere3TQ,"Tako Taco",food
-dY7b8L5QpT1MPtSHG34ug,EnCIojgP5KTr1leaysFE3A,"Ground Beef & Cheese Arepa",food
-dzNe7vumWR8ApkAv3VkRg,N8uKQ5Vdb1LAh-qXT_25Rg,,inside
-DzowkzWHEYTrURZLhSg1g,EuSQgzvizqRLQSoo6rC1dA,,food
-DzyHibAndrLBzsuwG86UA,qiRyyRWt6jmAxcoVW0-WHA,"Sushi, sushi, and more sushi.",food
-dZZB8XSe7Elku6tYtjidg,9Rs7n2LbINBN8kLbScjhmA,"Germany ($10.50): Bratwurst, Sauerkraut, Pickles, Green Onion & Mustard Sauce. Interesting combination, but it works well! Good!",food
-e-7tS7850ESJ6CSBqQf2A,oNCF7oHyKYlGLu_kHV2MSg,"The Lodge Burger",food
-E-MCv7rqLHCDq49yvGlkA,jyTz3kid7Xr_V0bj9vxTKA,"spicy squid",food
-e0jsOZOmTXFMH6BLjIKTQ,74C1z6cqEdvJVgETTcEodw,"Rack of Lamb – Creamed Kohlrabi, Savory Bread Pudding, Honey Rosemary Figs",food
-E18qz5JoewrL-DStQdpqg,tA5mqEP68qjbTFK9c14D7A,"Appetizers with hot pot, Taiwanese style.",food
-E3PYy3oGJ4DGW2WCIW71g,7Ny2GHLw8xl_kXfhfrvh5w,,drink
-E41LD6_ThV6U2XN8fLS0A,HFEkIohUqGIudgqbHiK1uA,"Lol (:",inside
-e4b4dbZri4BlRupkbCqnQ,3m2XZFVraCiqjgLxHi5MdA,"rack of lamb",food
-E78S2lsNVT01pgidcac9Q,GJNU3jP7lSpkEHttF_32UA,sandwichs,food
-e8A3k5M4YjwfxzEOLEPgQ,r_BrIgzYcwo1NAuG9dLbpg,,inside
-e8sbAISwcIkLLTDp10TSw,auDjameQ8PKA2cIwyI5uQA,,food
-EaDGOHLKVf7EbbJptUxgA,PEnlf5CJ8JJonph2jIljCg,"fried matzah balls",food
-ebOmiGioL7JzXBXE1PxoQ,Bo53nDtkmu0gAWraONir1A,"Carrot Cake",food
-Ebp_pXCKKP187_ciUbPlQ,ac3laXcJnclYZAO65XAcmA,"Cutest hot sauce",drink
-EbzUBO0fh5U1MRr1jkx4A,5DWBUWdr6UEtWfHeD7zIRw,,inside
-ec3BgguIDOhPVbhzaeziQ,IZivKqtHyz4-ts8KsnvMrA,,food
-EcIkzYt7SQOYo-QNBGfuQ,KVsv8wRGnLX8QWoNZKNMQA,,inside
-eCP92pxrCGngS6GkVaXpw,AuIiqDeL65kczmiFSkAWrA,,food
-Ed-_AtlyBww_BWhopUSmQ,nxzqOt8sABsgf53c4CgMqg,,inside
-ed0dmeiQHChs7QCFBzYZQ,h-4BCEM4U0SM77G6DnAxJA,,food
-EdurD3EnXisAiF2kwbyeQ,kuJRRmmmDUXqwM6kNihXXA,,food
-eD_mTGNtKdbXSmGMzBatA,ASvQjxsHVd8J8o_kHJUQiQ,,food
-eEoHOzfcqnNlzb_wXZgDg,jaSowNITPRRCYpPb3_pjdA,"Chicken & Waffles – Buttermilk Fried Chicken, Cornbread Waffles, Country Gravy, Maple Syrup",food
-EFCd42ekyr9c6--k98mLw,ZpymIplQK7xrgb9VTa6O2w,,food
-eFChMmXLkl1hiF9lnZWjQ,_7HjUKqU5GQOQirnZzRgWA,"Chef's Table",inside
-efC_WfhAhOEwJ33mcm78A,A7gVn077Eb2B-yIKunLVpw,,food
-EgKmv2dcfZPP9sKPrpFRQ,V1MTfnI-1T7lqZO-Y_qXAg,,food
-EgMWa8V6Ugjz9cU3YgKfg,lsGIcUOadXjaRtKFNtrq8Q,"New Signature Avocado Tostada: Chicken & Shrimp Avocado",food
-egxyIgqls71ZdePZr15kA,oM8GqWtU1_ld7lLnYe3KcA,,food
-eH7S83jpp6dYaICd2PFTA,KaGZE0_o1EmmSN4Fo_cpUw,,food
-EI45vKfDKI0wvWm2wLHyw,NF0H-HFJOK6R8fkhYkFuzw,"Firebirds Chicken Pasta",food
-Eirl0N3Qb_XorQOdN9rFQ,UmzMxhZpmhI4aD71KJM6Sg,,food
-ejxS8lFsAtx6AuXvMxnBA,_xAbfp_lpNuoEOhswrK75g,"Grab n' Go! Chicken Caesar meal salad",food
-ekRoEdye57fc0D64jKmTg,x7RRLRKyKdME9X3GuR5-5w,Mule-Jito,drink
-EKt1z2oxjkxnG8ejUx63Q,-bMZCfTK7fxFaURynKpBMA,"Our Molcajete Frio is a cold seafood platter with so many of your favorites! Oyster. Crab legs. Ceviche. Shrimp. Delicious!",food
-eKy8A7ntmh_YgSz6gdTiQ,Wxxvi3LZbHNIDwJ-ZimtnA,,outside
-el0mfBi8IjB0lTTvUan-A,q4VGTN_Xw4oqGRuCe5hdAA,,inside
-EM9fEiA3qaAhsSK5BLvvA,bZU80cosBR5btXby1xCOyg,,inside
-EmG3PrmdTnip6ip5jVs1g,spCzs32TMQpRCJbJfArZng,,food
-Emrv62EkKueouP_F8kTUA,ufostEB8B3PC8treZ6FjlQ,"Huge wine selection.",outside
-ENejWiatGO7Eh_MIqwzvw,_iEl9sCLsvXEFHUWPvgsAg,,food
-eniIDlsW7sIOR6YOF2sAQ,BGGQOJQTQerEQu0kHbT_UQ,"Banana cream pie",food
-EnKEdL9YKPMU0Wv2Hazhw,NyLYY8q1-H3hfsTwuwLPCg,"The choolahs!",inside
-enZFVT_VkYsI4otFg6SLA,oM8GqWtU1_ld7lLnYe3KcA,,food
-eo9fR34feS6Y4ifGKRcqw,6C-UycW07vavAvk-BFzTsA,,food
-epfM8TbP_BS23lmpBK-5A,ahSFUPojs9X3-1jP-QPb-w,,food
-ePm9jM25GiAnVlpRhrs1Q,rTZVcJZ8G80i6NjLw0SW8Q,,food
-EPqHwuH8udhDZiKQdJKbQ,XnJeadLrlj9AZB8qSdIR2Q,,food
-eq0L4jfsk4yUHlORzbFkg,hs8V9JmtBL7FLXRNAyPXLA,,food
-eq7hamQSMIByWKyiJT33Q,E_sO3D6lGkd_AURPBz8yrw,"Lake Las Vegas was so empty for a Friday Night",outside
-EQnlZjPoSpe2Y6j12ENuw,yrlC-vNCSKt5oSFF0s0VAg,,food
-eRFJdZGYR_nXycYqQFbaA,Tl9h-Qev_OymQ7XB1kbKnw,"Mushroom Pizza.",food
-eRpmm9qXLwaRLVcUPrpgw,6apExH1UjSlINEw1cLXdkg,,inside
-erxJxi7kJB8V_2jHRbJ8A,eoHdUeQDNgQ6WYEnP2aiRw,,outside
-EsAG1Og8zSvUQp9b_MnuA,H8qpFitIesth86zqR4cwYg,,food
-EtK8aqzDH8Z2KHD5aA_jA,beuVp5CZxCdNvQIIPBS2rw,"Mixed Mushroom Basket – Enoki, Oyster, White Beech, Shitake, Wood Ear, King Oyster",food
-ETy2nvIuhN7HjvK2_ZyAg,A-uZAD4zP3rRxb44WUGV5w,"Wild saba.",food
-EUrXyFbhK6KB0ARxa5SVA,G_ixz-lp77f8zY5jghbFdQ,Mansaf,food
-EvDeDg_hWxnJBAJe0VUUA,p4s0gsj5o-ocOiuDdVwpkw,,food
-eviAHa4_nrCEoaHHC8VcA,AercPW1B2YVNK3UsiPDkTg,"@UYE : Nota Bene - with Vivek S., Natalie T. , Kat S., Dishan, Mary C., Justine H., Jennifer K.",inside
-EvKn5p5UsZlzNd7xdoOGw,yZAGhlsrmupLbrgdKm6reg,,food
-EVp0rTkHrt6_dnfsas1rQ,-Ylpy3VyRWwubf9dysuwjQ,"$8 Reese's Peanut butter chocolate cake cheesecake",food
-Ew2gA5IteGWTDl0IM37mw,s_LitDugc1df67V-_prD6Q,"Seaweed fries",food
-EX1KzmbfbamYdb7XLTxQg,OdViVhR2ayppzkN2WtIScw,,drink
-eXajox1SFtL1G7kRxGAMg,m506zjQ67j0msTfANwB6RA,,food
-eXGGSZz3LiVNMHtgSLo7A,GQNkJWhFyIw9J6WGytCARw,"100% Whole grain breads made with 5 simple ingredients:  Wheat, Water, Salt, Honey, and Yeast.",drink
-EY7dORbqZKXF-wV_UkwIw,P7CQtFeORdYNO2_305rEbw,,food
-EyDuW481RL4vY0zs__rIQ,3xmfT7l3xNH5LK1dLzfvGw,"09.02.17  Downtown Las Vegas",outside
-EygBr0LuuceoZPDk_eGjQ,geQG2a9uO6Q9hXVx937Kbw,,food
-Eyk8R8QziSJwOwIjZxkUw,TVtnQyn3ka60r2t9xRwKPQ,,inside
-eYOLHqKcBsG3FA-Sc8-mQ,jLxeBgWhLRbII2ACkgH1Sg,"Apple Danish?! I forgot name...",food
-ezQeuDgsioK4aND4gsLzA,R9gRb3T8t-eIKlOtMPShuA,"Hot Dragon Udon",food
-EZrT8kKXVqHKuXxR7emmg,XAELZpZoSn3DwJu1c4BvnQ,,outside
-E_cTiF_mQKRq2OjLwTjqA,296PZdxSrtH08EUwCsOKMw,"Chocolate covered fruit",food
-E_eBSiC8GzykSWrqLvCIw,VINRQr_PFUqs9VogCIM0Lg,"Mac & CHEESE  NOT THAT GOOD  1 STAR OUT OF 5",food
